job_id,job_title,company_name,industry,company_size,city,city_full,education,experience,salary_range,salary_low,salary_high,salary_level,required_skills,is_full_time,is_headhunter,publish_date
JOB00001,高级数据分析师,小米,通信/电子,10000人,北京,北京,硕士,3-5年,18K-25K,18000,25000,中级(15K-25K),增长分析|数据仓库|Excel|回归分析|Hive|Python|SQL|数据挖掘,全职,是,2025-06-23
JOB00002,数据分析师,途牛,旅游,1000人,合肥,安徽合肥,本科,3-5年,15K-25K,15000,25000,中级(15K-25K),竞品分析|Hive|机器学习|数据建模,兼职,是,2025-03-04
JOB00003,风控数据分析师,拼多多,互联网/IT,10000人,郑州,河南郑州,本科,5-10年,12K-18K,12000,18000,中级(15K-25K),增长分析|Spark|数据仓库,兼职,是,2025-01-18
JOB00004,高级数据分析师,蒙牛,消费品,50000人,佛山,广东佛山,硕士,3-5年,20K-30K,20000,30000,中高级(25K-40K),埋点分析|数据清洗|BI工具,全职,是,2025-03-15
JOB00005,资深数据分析师,自如,房产,5000人,成都,四川成都,本科,5-10年,40K-60K,40000,60000,高级(40K以上),指标体系|Excel|用户画像|NLP|SPSS|数据仓库|数据清洗|增长分析,全职,否,2025-02-22
JOB00006,用户数据分析师,饿了么,本地生活,10000人,上海,上海,本科,不限,8K-12K,8000,12000,中初级(8K-15K),R|回归分析|竞品分析,全职,否,2025-04-21
JOB00007,用户数据分析师,猿辅导,教育,10000人,杭州,浙江杭州,本科,1-3年,12K-18K,12000,18000,中级(15K-25K),回归分析|Hive|NLP|数据可视化|统计分析|数据清洗|Power BI|ETL,全职,否,2025-07-04
JOB00008,数据分析师(偏BI),海康威视,通信/电子,50000人,成都,四川成都,硕士,3-5年,5K-8K,5000,8000,初级(8K以下),Spark|ETL|数据建模|数据仓库|SQL|埋点分析|Tableau,全职,否,2025-03-25
JOB00009,增长数据分析师,58同城,本地生活,10000人,广州,广东广州,本科,1-3年,4K-6K,4000,6000,初级(8K以下),数据建模|ETL|BI工具|SPSS|深度学习|Tableau|指标体系|A/B测试,全职,否,2025-02-05
JOB00010,数据分析师,安居客,房产,5000人,成都,四川成都,本科,5-10年,12K-18K,12000,18000,中级(15K-25K),机器学习|大数据|SQL|Tableau|统计分析|A/B测试|数据清洗,全职,是,2025-01-03
JOB00011,策略数据分析师,微博,互联网/IT,5000人,深圳,广东深圳,博士,3-5年,6K-10K,6000,10000,中初级(8K-15K),数据仓库|SPSS|数据建模|ETL|用户画像|Hive,兼职,否,2025-07-24
JOB00012,资深数据分析师,华泰证券,金融,10000人,苏州,江苏苏州,本科,3-5年,20K-30K,20000,30000,中高级(25K-40K),Spark|Tableau|数据清洗|数据挖掘|Excel|机器学习|SQL,全职,否,2025-06-02
JOB00013,商业数据分析师,360数科,金融,5000人,深圳,广东深圳,硕士,5-10年,6K-10K,6000,10000,中初级(8K-15K),埋点分析|大数据|R|数据仓库|Power BI,全职,否,2025-05-16
JOB00014,数据分析师(偏BI),联合利华,消费品,50000人,青岛,山东青岛,硕士,1-3年,6K-10K,6000,10000,中初级(8K-15K),Hive|Spark|NLP|增长分析|Python,兼职,否,2025-01-02
JOB00015,数据分析师(偏运营),比亚迪,汽车,50000人,长沙,湖南长沙,硕士,1-3年,8K-12K,8000,12000,中初级(8K-15K),Power BI|Hive|SPSS|数据建模|Spark|数据清洗,全职,否,2025-07-28
JOB00016,高级数据分析师,蚂蚁集团,互联网/IT,10000人,上海,上海,硕士,3-5年,18K-25K,18000,25000,中级(15K-25K),SPSS|Hive|大数据|R,全职,否,2025-04-09
JOB00017,数据分析师(偏运营),猿辅导,教育,10000人,苏州,江苏苏州,本科,10年以上,40K-60K,40000,60000,高级(40K以上),竞品分析|大数据|Power BI|R|A/B测试|BI工具|Python|回归分析,全职,否,2025-03-02
JOB00018,数据分析师,网易,互联网/IT,50000人,东莞,广东东莞,本科,10年以上,12K-18K,12000,18000,中级(15K-25K),Excel|SPSS|NLP|用户画像|数据挖掘|埋点分析|数据清洗,兼职,否,2025-05-08
JOB00019,产品数据分析师,百度,互联网/IT,50000人,佛山,广东佛山,本科,3-5年,12K-18K,12000,18000,中级(15K-25K),R|埋点分析|竞品分析|机器学习|数据清洗,全职,是,2025-06-10
JOB00020,数据分析实习生,猿辅导,教育,10000人,长沙,湖南长沙,本科,10年以上,6K-10K,6000,10000,中初级(8K-15K),Tableau|Excel|数据仓库|R|ETL|数据建模|Power BI,全职,否,2025-02-15
JOB00021,数据分析师,途牛,旅游,1000人,苏州,江苏苏州,本科,10年以上,15K-20K,15000,20000,中级(15K-25K),深度学习|数据仓库|A/B测试|埋点分析|Tableau|Power BI|数据建模|增长分析,全职,否,2025-02-09
JOB00022,数据分析师(偏算法),伊利,消费品,50000人,佛山,广东佛山,本科,1-3年,15K-20K,15000,20000,中级(15K-25K),ETL|大数据|数据建模|NLP|Python,全职,是,2025-03-02
JOB00023,增长数据分析师,字节跳动,互联网/IT,50000人,长沙,湖南长沙,硕士,3-5年,8K-12K,8000,12000,中初级(8K-15K),数据仓库|竞品分析|Hive|NLP|SQL|Tableau,全职,是,2025-02-18
JOB00024,用户数据分析师,京东,互联网/IT,50000人,重庆,重庆,本科,1-3年,6K-10K,6000,10000,中初级(8K-15K),数据挖掘|NLP|Python|统计分析|R,全职,否,2025-03-25
JOB00025,数据分析专员,中国一汽,汽车,50000人,佛山,广东佛山,硕士,10年以上,8K-12K,8000,12000,中初级(8K-15K),Hive|SQL|SPSS|增长分析,全职,否,2025-04-26
JOB00026,数据分析师,联合利华,消费品,50000人,西安,陕西西安,本科,5-10年,10K-15K,10000,15000,中初级(8K-15K),数据清洗|R|Spark|统计分析|A/B测试|NLP,全职,是,2025-04-11
JOB00027,数据分析师(偏BI),达能,消费品,10000人,深圳,广东深圳,博士,1-3年,15K-20K,15000,20000,中级(15K-25K),深度学习|数据仓库|机器学习|SQL|Tableau|数据建模|SPSS|回归分析,全职,否,2025-01-20
JOB00028,数据分析师(偏运营),顺丰,物流,50000人,重庆,重庆,硕士,1-3年,12K-18K,12000,18000,中级(15K-25K),数据可视化|回归分析|R,全职,是,2025-01-17
JOB00029,产品数据分析师,同程旅行,旅游,10000人,武汉,湖北武汉,本科,不限,15K-20K,15000,20000,中级(15K-25K),机器学习|埋点分析|Tableau|增长分析|A/B测试|ETL|BI工具,全职,否,2025-06-10
JOB00030,资深数据分析师,vivo,通信/电子,10000人,武汉,湖北武汉,本科,5-10年,20K-30K,20000,30000,中高级(25K-40K),用户画像|回归分析|A/B测试|数据可视化,全职,否,2025-05-20
JOB00031,风控数据分析师,饿了么,本地生活,10000人,厦门,福建厦门,本科,3-5年,10K-15K,10000,15000,中初级(8K-15K),SPSS|埋点分析|Excel|A/B测试|ETL|深度学习|指标体系|用户画像,全职,否,2025-07-08
JOB00032,数据分析经理,元气森林,消费品,1000人,南京,江苏南京,硕士,3-5年,25K-35K,25000,35000,中高级(25K-40K),NLP|BI工具|Excel|Spark|Hive|指标体系|回归分析,全职,是,2025-06-23
JOB00033,增长数据分析师,字节跳动,互联网/IT,50000人,广州,广东广州,硕士,1-3年,15K-25K,15000,25000,中级(15K-25K),Spark|Python|数据仓库|数据清洗|Tableau|NLP|Power BI,全职,否,2025-05-20
JOB00034,数据分析师(偏算法),美团,本地生活,50000人,厦门,福建厦门,本科,5-10年,10K-15K,10000,15000,中初级(8K-15K),Spark|SPSS|增长分析|大数据|NLP|数据建模|数据清洗,全职,否,2025-07-17
JOB00035,用户数据分析师,微博,互联网/IT,5000人,南京,江苏南京,本科,不限,8K-12K,8000,12000,中初级(8K-15K),机器学习|数据仓库|Excel|Power BI|数据清洗,全职,否,2025-02-03
JOB00036,数据分析师(偏算法),上汽集团,汽车,50000人,合肥,安徽合肥,本科,3-5年,5K-8K,5000,8000,初级(8K以下),数据可视化|BI工具|回归分析|竞品分析|SQL|数据挖掘,全职,否,2025-03-10
JOB00037,资深数据分析师,蔚来,汽车,10000人,合肥,安徽合肥,本科,10年以上,30K-40K,30000,40000,中高级(25K-40K),大数据|数据清洗|数据建模|Hive,全职,否,2025-06-06
JOB00038,数据分析实习生,好未来,教育,10000人,杭州,浙江杭州,本科,3-5年,6K-10K,6000,10000,中初级(8K-15K),埋点分析|SQL|Excel|指标体系|Hive|Power BI|Spark,全职,是,2025-03-25
JOB00039,高级数据分析师,理想汽车,汽车,5000人,西安,陕西西安,硕士,10年以上,30K-40K,30000,40000,中高级(25K-40K),SQL|增长分析|数据仓库|Python|统计分析|数据清洗,全职,否,2025-02-07
JOB00040,数据分析实习生,腾讯,互联网/IT,50000人,佛山,广东佛山,本科,1-3年,8K-12K,8000,12000,中初级(8K-15K),Spark|竞品分析|数据建模|BI工具,全职,否,2025-07-27
JOB00041,策略数据分析师,中国平安,金融,50000人,苏州,江苏苏州,本科,不限,8K-12K,8000,12000,中初级(8K-15K),数据可视化|竞品分析|R|Excel|回归分析|深度学习,全职,否,2025-06-25
JOB00042,数据分析师,农夫山泉,消费品,10000人,佛山,广东佛山,硕士,5-10年,12K-18K,12000,18000,中级(15K-25K),数据仓库|Hive|埋点分析|统计分析|Excel,全职,否,2025-07-14
JOB00043,数据分析经理,微博,互联网/IT,5000人,广州,广东广州,本科,5-10年,25K-35K,25000,35000,中高级(25K-40K),Power BI|Hive|SPSS|增长分析|ETL|指标体系|数据建模|用户画像,全职,否,2025-06-19
JOB00044,资深数据分析师,雀巢,消费品,10000人,长沙,湖南长沙,硕士,3-5年,35K-50K,35000,50000,高级(40K以上),数据清洗|BI工具|Spark|回归分析|用户画像|埋点分析,全职,否,2025-02-12
JOB00045,数据分析师(偏运营),玛氏,消费品,10000人,长沙,湖南长沙,本科,3-5年,20K-30K,20000,30000,中高级(25K-40K),ETL|R|Excel,全职,是,2025-05-25
JOB00046,高级数据分析师,宝洁,消费品,50000人,青岛,山东青岛,本科,5-10年,25K-35K,25000,35000,中高级(25K-40K),数据清洗|数据可视化|竞品分析|A/B测试|埋点分析,全职,否,2025-06-18
JOB00047,高级数据分析师,大众点评,本地生活,50000人,重庆,重庆,硕士,10年以上,30K-40K,30000,40000,中高级(25K-40K),R|机器学习|Tableau|增长分析|数据仓库|竞品分析|SPSS|NLP,全职,是,2025-05-20
JOB00048,用户数据分析师,伊利,消费品,50000人,广州,广东广州,硕士,1-3年,10K-15K,10000,15000,中初级(8K-15K),竞品分析|数据仓库|Power BI,兼职,是,2025-05-10
JOB00049,数据分析经理,vivo,通信/电子,10000人,青岛,山东青岛,本科,5-10年,18K-25K,18000,25000,中级(15K-25K),机器学习|SPSS|Python|数据建模|大数据|Tableau,全职,否,2025-01-05
JOB00050,数据分析师(偏运营),海康威视,通信/电子,50000人,东莞,广东东莞,硕士,不限,8K-12K,8000,12000,中初级(8K-15K),用户画像|NLP|数据挖掘|深度学习|数据清洗|ETL,全职,否,2025-03-28
JOB00051,高级数据分析师,京东物流,物流,50000人,苏州,江苏苏州,本科,3-5年,25K-35K,25000,35000,中高级(25K-40K),指标体系|R|数据建模|埋点分析,全职,是,2025-04-15
JOB00052,数据分析师(偏算法),作业帮,教育,5000人,苏州,江苏苏州,大专,1-3年,8K-12K,8000,12000,中初级(8K-15K),Excel|埋点分析|数据清洗|数据建模|指标体系|回归分析,兼职,否,2025-04-04
JOB00053,高级数据分析师,途牛,旅游,1000人,南京,江苏南京,本科,5-10年,40K-60K,40000,60000,高级(40K以上),SPSS|数据挖掘|A/B测试,全职,否,2025-04-23
JOB00054,高级数据分析师,农夫山泉,消费品,10000人,郑州,河南郑州,硕士,5-10年,35K-50K,35000,50000,高级(40K以上),Python|Hive|增长分析|机器学习|用户画像|数据建模|SQL,兼职,是,2025-01-25
JOB00055,策略数据分析师,雀巢,消费品,10000人,东莞,广东东莞,大专,5-10年,10K-15K,10000,15000,中初级(8K-15K),数据建模|SPSS|回归分析|Hive|指标体系|大数据,全职,否,2025-04-11
JOB00056,用户数据分析师,饿了么,本地生活,10000人,广州,广东广州,硕士,1-3年,15K-20K,15000,20000,中级(15K-25K),数据可视化|深度学习|BI工具|数据仓库|Python|Spark|Excel|机器学习,全职,是,2025-07-13
JOB00057,商业数据分析师,携程,旅游,50000人,北京,北京,硕士,3-5年,10K-15K,10000,15000,中初级(8K-15K),统计分析|用户画像|BI工具|大数据|指标体系|Spark|Python,全职,是,2025-03-15
JOB00058,增长数据分析师,微博,互联网/IT,5000人,广州,广东广州,大专,3-5年,15K-25K,15000,25000,中级(15K-25K),A/B测试|数据仓库|SQL|Hive,兼职,是,2025-01-15
JOB00059,用户数据分析师,OPPO,通信/电子,10000人,杭州,浙江杭州,本科,5-10年,10K-15K,10000,15000,中初级(8K-15K),深度学习|大数据|NLP|数据清洗|Spark|数据仓库,全职,是,2025-05-17
JOB00060,资深数据分析师,联想,通信/电子,50000人,深圳,广东深圳,本科,5-10年,35K-50K,35000,50000,高级(40K以上),数据建模|深度学习|SQL|A/B测试|增长分析|BI工具|回归分析,全职,否,2025-04-12
JOB00061,数据分析师(偏算法),大众点评,本地生活,50000人,天津,天津,硕士,3-5年,25K-35K,25000,35000,中高级(25K-40K),竞品分析|数据清洗|回归分析|数据可视化,全职,是,2025-01-11
JOB00062,数据分析专员,作业帮,教育,5000人,郑州,河南郑州,本科,3-5年,18K-25K,18000,25000,中级(15K-25K),Python|Power BI|ETL|回归分析|机器学习|Tableau,全职,否,2025-05-15
JOB00063,数据分析经理,阿里巴巴,互联网/IT,50000人,杭州,浙江杭州,本科,5-10年,30K-40K,30000,40000,中高级(25K-40K),机器学习|用户画像|竞品分析|数据可视化|指标体系,全职,是,2025-03-21
JOB00064,资深数据分析师,微博,互联网/IT,5000人,天津,天津,大专,3-5年,18K-25K,18000,25000,中级(15K-25K),数据清洗|增长分析|Excel|Hive|Tableau,全职,否,2025-03-01
JOB00065,数据分析专员,百度,互联网/IT,50000人,长沙,湖南长沙,硕士,1-3年,10K-15K,10000,15000,中初级(8K-15K),ETL|Hive|回归分析|埋点分析,全职,否,2025-01-20
JOB00066,商业数据分析师,理想汽车,汽车,5000人,佛山,广东佛山,硕士,3-5年,12K-18K,12000,18000,中级(15K-25K),指标体系|数据建模|Spark|深度学习|埋点分析|SQL,全职,否,2025-03-22
JOB00067,用户数据分析师,途牛,旅游,1000人,成都,四川成都,本科,10年以上,35K-50K,35000,50000,高级(40K以上),Hive|竞品分析|数据建模|Spark|A/B测试|R|数据可视化|大数据,全职,是,2025-03-19
JOB00068,数据分析师,蒙牛,消费品,50000人,苏州,江苏苏州,大专,5-10年,10K-15K,10000,15000,中初级(8K-15K),NLP|埋点分析|BI工具|增长分析|Python|用户画像|大数据,全职,否,2025-07-26
JOB00069,用户数据分析师,360数科,金融,5000人,佛山,广东佛山,硕士,1-3年,8K-12K,8000,12000,中初级(8K-15K),BI工具|增长分析|NLP|埋点分析|数据挖掘|Power BI|指标体系|Tableau,全职,否,2025-03-26
JOB00070,用户数据分析师,菜鸟,物流,10000人,上海,上海,本科,5-10年,6K-10K,6000,10000,中初级(8K-15K),增长分析|Hive|SPSS|R|Power BI,全职,否,2025-03-17
JOB00071,数据分析经理,陌陌,互联网/IT,5000人,西安,陕西西安,硕士,3-5年,30K-40K,30000,40000,中高级(25K-40K),增长分析|NLP|机器学习|数据挖掘|Tableau,全职,否,2025-06-24
JOB00072,数据分析师(偏运营),小鹏汽车,汽车,5000人,天津,天津,本科,5-10年,4K-6K,4000,6000,初级(8K以下),Spark|统计分析|埋点分析,全职,否,2025-04-27
JOB00073,数据分析师(偏运营),安居客,房产,5000人,广州,广东广州,硕士,3-5年,12K-18K,12000,18000,中级(15K-25K),用户画像|数据清洗|指标体系|Excel|深度学习,全职,否,2025-06-14
JOB00074,高级数据分析师,小米,通信/电子,10000人,杭州,浙江杭州,大专,5-10年,40K-60K,40000,60000,高级(40K以上),数据清洗|数据仓库|Power BI,全职,否,2025-05-14
JOB00075,用户数据分析师,海康威视,通信/电子,50000人,合肥,安徽合肥,硕士,5-10年,12K-18K,12000,18000,中级(15K-25K),竞品分析|统计分析|R,兼职,否,2025-07-12
JOB00076,数据分析师(偏BI),蚂蚁集团,互联网/IT,10000人,重庆,重庆,本科,10年以上,10K-15K,10000,15000,中初级(8K-15K),R|Tableau|NLP|深度学习|Spark,全职,是,2025-06-20
JOB00077,数据分析实习生,腾讯,互联网/IT,50000人,上海,上海,本科,1-3年,5K-8K,5000,8000,初级(8K以下),Excel|深度学习|BI工具|数据仓库,全职,是,2025-02-26
JOB00078,用户数据分析师,字节跳动,互联网/IT,50000人,西安,陕西西安,硕士,1-3年,6K-10K,6000,10000,中初级(8K-15K),Tableau|埋点分析|NLP|SQL,全职,是,2025-07-08
JOB00079,数据分析师(偏运营),饿了么,本地生活,10000人,北京,北京,本科,不限,15K-25K,15000,25000,中级(15K-25K),增长分析|Excel|大数据,全职,否,2025-05-04
JOB00080,资深数据分析师,中通快递,物流,10000人,大连,辽宁大连,本科,5-10年,30K-40K,30000,40000,中高级(25K-40K),ETL|A/B测试|Spark|指标体系|SQL|Python|大数据|数据可视化,全职,否,2025-01-11
JOB00081,增长数据分析师,大疆,通信/电子,10000人,深圳,广东深圳,本科,3-5年,12K-18K,12000,18000,中级(15K-25K),数据可视化|用户画像|ETL|A/B测试|Spark,全职,否,2025-07-23
JOB00082,商业数据分析师,小米,通信/电子,10000人,天津,天津,硕士,1-3年,10K-15K,10000,15000,中初级(8K-15K),机器学习|深度学习|Spark|数据可视化|Hive|Tableau,全职,否,2025-03-12
JOB00083,高级数据分析师,海康威视,通信/电子,50000人,青岛,山东青岛,本科,10年以上,20K-30K,20000,30000,中高级(25K-40K),增长分析|统计分析|数据挖掘|Power BI|数据仓库|Python|回归分析|NLP,全职,否,2025-07-14
JOB00084,商业数据分析师,网易,互联网/IT,50000人,苏州,江苏苏州,本科,3-5年,12K-18K,12000,18000,中级(15K-25K),埋点分析|大数据|数据清洗|NLP,全职,是,2025-03-04
JOB00085,风控数据分析师,达能,消费品,10000人,东莞,广东东莞,本科,3-5年,12K-18K,12000,18000,中级(15K-25K),用户画像|埋点分析|指标体系|数据仓库|SQL|NLP|深度学习,全职,否,2025-02-09
JOB00086,策略数据分析师,元气森林,消费品,1000人,长沙,湖南长沙,本科,1-3年,6K-10K,6000,10000,中初级(8K-15K),Excel|Power BI|增长分析|指标体系|SQL|NLP,全职,否,2025-04-15
JOB00087,数据分析实习生,58同城,本地生活,10000人,成都,四川成都,本科,5-10年,6K-10K,6000,10000,中初级(8K-15K),Excel|Python|Power BI|SPSS|用户画像|深度学习|埋点分析,全职,是,2025-04-09
JOB00088,策略数据分析师,度小满,金融,5000人,大连,辽宁大连,本科,3-5年,8K-12K,8000,12000,中初级(8K-15K),大数据|ETL|埋点分析|A/B测试|Python|数据清洗|数据可视化,全职,否,2025-02-10
JOB00089,数据分析经理,度小满,金融,5000人,杭州,浙江杭州,硕士,5-10年,20K-30K,20000,30000,中高级(25K-40K),Hive|SPSS|Power BI|数据可视化|数据仓库|竞品分析|数据清洗|ETL,全职,否,2025-06-02
JOB00090,数据分析师(偏BI),顺丰,物流,50000人,北京,北京,本科,不限,8K-12K,8000,12000,中初级(8K-15K),数据可视化|竞品分析|指标体系|Hive|A/B测试|Tableau|NLP,全职,是,2025-07-20
JOB00091,数据分析实习生,猿辅导,教育,10000人,重庆,重庆,大专,5-10年,6K-10K,6000,10000,中初级(8K-15K),ETL|Excel|数据可视化|A/B测试|增长分析|机器学习,全职,是,2025-05-17
JOB00092,数据分析专员,中信证券,金融,10000人,重庆,重庆,本科,10年以上,15K-20K,15000,20000,中级(15K-25K),Tableau|Power BI|数据建模|R,全职,是,2025-07-21
JOB00093,数据分析实习生,B站,互联网/IT,5000人,成都,四川成都,大专,3-5年,4K-6K,4000,6000,初级(8K以下),Spark|埋点分析|回归分析|指标体系|BI工具|用户画像|机器学习,全职,否,2025-04-21
JOB00094,数据分析经理,农夫山泉,消费品,10000人,西安,陕西西安,本科,5-10年,25K-35K,25000,35000,中高级(25K-40K),Python|NLP|统计分析|A/B测试|Excel|指标体系,全职,否,2025-04-19
JOB00095,数据分析实习生,百度,互联网/IT,50000人,厦门,福建厦门,本科,3-5年,4K-6K,4000,6000,初级(8K以下),ETL|Power BI|Python|Spark|Tableau|机器学习,全职,否,2025-06-15
JOB00096,用户数据分析师,菜鸟,物流,10000人,大连,辽宁大连,本科,1-3年,10K-15K,10000,15000,中初级(8K-15K),Hive|BI工具|机器学习|埋点分析|用户画像|Python,全职,否,2025-01-11
JOB00097,策略数据分析师,蚂蚁集团,互联网/IT,10000人,天津,天津,硕士,1-3年,15K-20K,15000,20000,中级(15K-25K),NLP|Power BI|机器学习|Excel|回归分析|埋点分析|深度学习,全职,否,2025-06-23
JOB00098,数据分析师(偏BI),小鹏汽车,汽车,5000人,杭州,浙江杭州,本科,10年以上,8K-12K,8000,12000,中初级(8K-15K),数据挖掘|机器学习|Power BI|埋点分析|竞品分析|BI工具|ETL|Excel,全职,否,2025-03-01
JOB00099,数据分析经理,自如,房产,5000人,苏州,江苏苏州,本科,10年以上,30K-40K,30000,40000,中高级(25K-40K),数据清洗|Power BI|Excel|A/B测试,全职,否,2025-05-02
JOB00100,数据分析师(偏算法),58同城,本地生活,10000人,佛山,广东佛山,本科,3-5年,6K-10K,6000,10000,中初级(8K-15K),BI工具|用户画像|数据挖掘|SPSS|增长分析|Spark|Python|Hive,全职,否,2025-04-20
JOB00101,风控数据分析师,伊利,消费品,50000人,厦门,福建厦门,本科,1-3年,30K-40K,30000,40000,中高级(25K-40K),深度学习|R|统计分析|埋点分析|回归分析|Spark,全职,否,2025-04-17
JOB00102,数据分析专员,飞猪,旅游,50000人,合肥,安徽合肥,博士,5-10年,15K-25K,15000,25000,中级(15K-25K),Python|指标体系|大数据|NLP|统计分析,全职,否,2025-07-17
JOB00103,数据分析师(偏运营),OPPO,通信/电子,10000人,苏州,江苏苏州,本科,1-3年,10K-15K,10000,15000,中初级(8K-15K),深度学习|Hive|Excel|数据清洗,全职,否,2025-01-14
JOB00104,产品数据分析师,网易,互联网/IT,50000人,郑州,河南郑州,本科,1-3年,40K-60K,40000,60000,高级(40K以上),SQL|机器学习|Tableau|深度学习,全职,否,2025-02-05
JOB00105,风控数据分析师,京东,互联网/IT,50000人,苏州,江苏苏州,硕士,3-5年,18K-25K,18000,25000,中级(15K-25K),大数据|Spark|用户画像|SQL|Excel|BI工具|数据建模|R,全职,否,2025-06-20
JOB00106,数据分析师,飞猪,旅游,50000人,合肥,安徽合肥,本科,1-3年,8K-12K,8000,12000,中初级(8K-15K),Hive|指标体系|数据挖掘|用户画像,全职,否,2025-04-20
JOB00107,用户数据分析师,同程旅行,旅游,10000人,北京,北京,本科,3-5年,15K-20K,15000,20000,中级(15K-25K),SQL|用户画像|统计分析|数据清洗|回归分析|Hive,全职,是,2025-05-12
JOB00108,数据分析师,小红书,互联网/IT,5000人,大连,辽宁大连,本科,5-10年,10K-15K,10000,15000,中初级(8K-15K),NLP|大数据|Python|指标体系|数据可视化|统计分析,全职,是,2025-07-03
JOB00109,增长数据分析师,贝壳找房,房产,10000人,南京,江苏南京,硕士,3-5年,15K-25K,15000,25000,中级(15K-25K),Power BI|Python|统计分析|数据仓库|机器学习,全职,否,2025-07-22
JOB00110,风控数据分析师,好未来,教育,10000人,青岛,山东青岛,本科,5-10年,5K-8K,5000,8000,初级(8K以下),Python|A/B测试|R|NLP|数据挖掘|BI工具,全职,否,2025-04-27
JOB00111,产品数据分析师,途牛,旅游,1000人,青岛,山东青岛,本科,5-10年,8K-12K,8000,12000,中初级(8K-15K),NLP|指标体系|机器学习,全职,是,2025-04-13
JOB00112,产品数据分析师,菜鸟,物流,10000人,郑州,河南郑州,本科,1-3年,15K-20K,15000,20000,中级(15K-25K),数据建模|数据挖掘|Excel|增长分析|Hive|深度学习|BI工具,全职,否,2025-05-10
JOB00113,数据分析实习生,饿了么,本地生活,10000人,广州,广东广州,本科,3-5年,8K-12K,8000,12000,中初级(8K-15K),Hive|SPSS|竞品分析|Spark|统计分析|BI工具|Python|增长分析,全职,否,2025-01-03
JOB00114,数据分析师,比亚迪,汽车,50000人,重庆,重庆,本科,5-10年,6K-10K,6000,10000,中初级(8K-15K),NLP|用户画像|埋点分析|数据挖掘,全职,否,2025-02-25
JOB00115,策略数据分析师,自如,房产,5000人,重庆,重庆,本科,3-5年,12K-18K,12000,18000,中级(15K-25K),统计分析|NLP|Spark|BI工具|Excel|回归分析,全职,是,2025-03-21
JOB00116,数据分析师(偏运营),达能,消费品,10000人,南京,江苏南京,博士,不限,6K-10K,6000,10000,中初级(8K-15K),数据仓库|Tableau|数据建模|BI工具|数据挖掘|竞品分析,兼职,否,2025-03-23
JOB00117,资深数据分析师,微博,互联网/IT,5000人,武汉,湖北武汉,本科,3-5年,20K-30K,20000,30000,中高级(25K-40K),Spark|Excel|数据挖掘|埋点分析|机器学习|BI工具|统计分析|深度学习,全职,否,2025-06-23
JOB00118,数据分析专员,工商银行,金融,50000人,重庆,重庆,本科,1-3年,8K-12K,8000,12000,中初级(8K-15K),数据挖掘|大数据|SQL|统计分析,全职,否,2025-07-18
JOB00119,增长数据分析师,vivo,通信/电子,10000人,佛山,广东佛山,硕士,不限,10K-15K,10000,15000,中初级(8K-15K),大数据|ETL|Hive|BI工具|数据挖掘|回归分析|Excel|Power BI,全职,否,2025-04-15
JOB00120,数据分析实习生,去哪儿,旅游,10000人,重庆,重庆,大专,5-10年,5K-8K,5000,8000,初级(8K以下),BI工具|Power BI|Hive|ETL,全职,否,2025-02-06
JOB00121,数据分析师(偏算法),饿了么,本地生活,10000人,南京,江苏南京,本科,10年以上,20K-30K,20000,30000,中高级(25K-40K),数据建模|R|指标体系,全职,否,2025-06-10
JOB00122,数据分析专员,同程旅行,旅游,10000人,深圳,广东深圳,本科,1-3年,25K-35K,25000,35000,中高级(25K-40K),埋点分析|用户画像|增长分析|机器学习,全职,否,2025-07-28
JOB00123,策略数据分析师,美团,互联网/IT,50000人,深圳,广东深圳,大专,3-5年,12K-18K,12000,18000,中级(15K-25K),BI工具|回归分析|Hive|用户画像,全职,否,2025-06-18
JOB00124,用户数据分析师,蒙牛,消费品,50000人,苏州,江苏苏州,本科,5-10年,15K-20K,15000,20000,中级(15K-25K),Excel|竞品分析|Python|SPSS|Spark|Hive,全职,否,2025-05-05
JOB00125,数据分析专员,美团,本地生活,50000人,长沙,湖南长沙,硕士,5-10年,30K-40K,30000,40000,中高级(25K-40K),ETL|数据仓库|Tableau|机器学习|数据清洗,全职,否,2025-02-05
JOB00126,商业数据分析师,蚂蚁集团,互联网/IT,10000人,上海,上海,本科,3-5年,12K-18K,12000,18000,中级(15K-25K),深度学习|机器学习|回归分析|增长分析,全职,否,2025-04-17
JOB00127,数据分析师(偏BI),好未来,教育,10000人,青岛,山东青岛,硕士,3-5年,6K-10K,6000,10000,中初级(8K-15K),Spark|数据清洗|R|回归分析|统计分析|Python|竞品分析,全职,是,2025-07-21
JOB00128,资深数据分析师,作业帮,教育,5000人,苏州,江苏苏州,本科,5-10年,20K-30K,20000,30000,中高级(25K-40K),增长分析|统计分析|BI工具|数据可视化|Python,全职,否,2025-01-13
JOB00129,策略数据分析师,陌陌,互联网/IT,5000人,厦门,福建厦门,硕士,1-3年,35K-50K,35000,50000,高级(40K以上),Tableau|Power BI|NLP|数据可视化|统计分析|机器学习|数据仓库,全职,否,2025-02-20
JOB00130,产品数据分析师,携程,旅游,50000人,郑州,河南郑州,本科,不限,6K-10K,6000,10000,中初级(8K-15K),ETL|Spark|Power BI|用户画像|NLP|数据挖掘,全职,否,2025-02-13
JOB00131,增长数据分析师,农夫山泉,消费品,10000人,东莞,广东东莞,本科,5-10年,12K-18K,12000,18000,中级(15K-25K),A/B测试|大数据|SQL|统计分析|机器学习|埋点分析|Tableau,全职,否,2025-07-24
JOB00132,风控数据分析师,美团,互联网/IT,50000人,佛山,广东佛山,本科,10年以上,15K-25K,15000,25000,中级(15K-25K),回归分析|数据清洗|增长分析|Python|NLP|大数据|SPSS,全职,否,2025-07-27
JOB00133,增长数据分析师,理想汽车,汽车,5000人,杭州,浙江杭州,硕士,1-3年,12K-18K,12000,18000,中级(15K-25K),R|SQL|Spark,全职,否,2025-06-07
JOB00134,增长数据分析师,中国一汽,汽车,50000人,大连,辽宁大连,硕士,10年以上,18K-25K,18000,25000,中级(15K-25K),Python|竞品分析|Power BI|ETL|R|数据仓库|机器学习|大数据,全职,否,2025-02-15
JOB00135,策略数据分析师,同程旅行,旅游,10000人,长沙,湖南长沙,本科,3-5年,18K-25K,18000,25000,中级(15K-25K),数据挖掘|竞品分析|数据建模|用户画像|大数据|R|数据清洗|NLP,全职,否,2025-03-25
JOB00136,数据分析师(偏运营),伊利,消费品,50000人,武汉,湖北武汉,硕士,3-5年,10K-15K,10000,15000,中初级(8K-15K),数据建模|A/B测试|Tableau|回归分析|埋点分析|数据仓库|数据可视化|增长分析,兼职,否,2025-07-05
JOB00137,数据分析经理,蒙牛,消费品,50000人,上海,上海,本科,5-10年,25K-35K,25000,35000,中高级(25K-40K),数据建模|增长分析|大数据|R|BI工具|数据仓库|NLP|竞品分析,全职,否,2025-02-02
JOB00138,增长数据分析师,飞猪,旅游,50000人,南京,江苏南京,本科,不限,10K-15K,10000,15000,中初级(8K-15K),Tableau|埋点分析|BI工具|Power BI|SQL|数据仓库,全职,否,2025-06-16
JOB00139,数据分析师,知乎,互联网/IT,1000人,武汉,湖北武汉,硕士,1-3年,8K-12K,8000,12000,中初级(8K-15K),指标体系|回归分析|数据清洗,全职,否,2025-01-06
JOB00140,风控数据分析师,上汽集团,汽车,50000人,成都,四川成都,硕士,不限,18K-25K,18000,25000,中级(15K-25K),SPSS|增长分析|A/B测试|Python|SQL|数据挖掘,全职,否,2025-03-10
JOB00141,数据分析师(偏运营),猿辅导,教育,10000人,天津,天津,本科,5-10年,6K-10K,6000,10000,中初级(8K-15K),数据建模|R|数据挖掘|Tableau|机器学习|SPSS,全职,否,2025-06-06
JOB00142,数据分析专员,阿里巴巴,互联网/IT,50000人,长沙,湖南长沙,硕士,3-5年,15K-25K,15000,25000,中级(15K-25K),NLP|指标体系|数据可视化|Hive|ETL|机器学习|Excel,全职,否,2025-02-16
JOB00143,用户数据分析师,饿了么,本地生活,10000人,南京,江苏南京,大专,3-5年,10K-15K,10000,15000,中初级(8K-15K),A/B测试|回归分析|增长分析|SQL|数据建模,全职,否,2025-01-22
JOB00144,资深数据分析师,OPPO,通信/电子,10000人,厦门,福建厦门,本科,5-10年,25K-35K,25000,35000,中高级(25K-40K),BI工具|A/B测试|竞品分析|Tableau|指标体系|深度学习|统计分析|用户画像,兼职,是,2025-05-12
JOB00145,数据分析师(偏算法),上汽集团,汽车,50000人,天津,天津,硕士,5-10年,15K-25K,15000,25000,中级(15K-25K),BI工具|数据清洗|埋点分析|用户画像,全职,否,2025-04-17
JOB00146,资深数据分析师,自如,房产,5000人,深圳,广东深圳,硕士,5-10年,30K-40K,30000,40000,中高级(25K-40K),R|回归分析|数据仓库|Power BI|SPSS|机器学习|ETL,全职,否,2025-05-15
JOB00147,数据分析师(偏运营),快手,互联网/IT,50000人,厦门,福建厦门,本科,3-5年,12K-18K,12000,18000,中级(15K-25K),埋点分析|数据挖掘|A/B测试|增长分析|SQL|数据可视化,全职,是,2025-02-19
JOB00148,数据分析师,B站,互联网/IT,5000人,上海,上海,本科,5-10年,12K-18K,12000,18000,中级(15K-25K),大数据|Python|A/B测试,全职,否,2025-07-21
JOB00149,资深数据分析师,上汽集团,汽车,50000人,重庆,重庆,博士,5-10年,18K-25K,18000,25000,中级(15K-25K),数据可视化|Excel|埋点分析|数据挖掘|数据仓库|Power BI,全职,否,2025-05-05
JOB00150,增长数据分析师,陆金所,金融,5000人,北京,北京,硕士,10年以上,10K-15K,10000,15000,中初级(8K-15K),Hive|数据仓库|数据可视化|数据清洗|BI工具|Spark|统计分析,全职,是,2025-06-25
JOB00151,资深数据分析师,小米,通信/电子,10000人,上海,上海,硕士,10年以上,25K-35K,25000,35000,中高级(25K-40K),数据清洗|R|Excel,全职,是,2025-01-08
JOB00152,风控数据分析师,百度,互联网/IT,50000人,郑州,河南郑州,本科,3-5年,15K-25K,15000,25000,中级(15K-25K),Power BI|ETL|A/B测试,全职,是,2025-05-11
JOB00153,商业数据分析师,饿了么,本地生活,10000人,南京,江苏南京,本科,1-3年,15K-20K,15000,20000,中级(15K-25K),A/B测试|数据建模|Python|数据仓库|回归分析|SPSS,全职,否,2025-04-02
JOB00154,数据分析专员,贝壳找房,房产,10000人,郑州,河南郑州,硕士,1-3年,10K-15K,10000,15000,中初级(8K-15K),数据可视化|SPSS|BI工具|数据仓库|大数据,全职,是,2025-07-23
JOB00155,数据分析师(偏运营),大疆,通信/电子,10000人,厦门,福建厦门,硕士,3-5年,30K-40K,30000,40000,中高级(25K-40K),Power BI|数据可视化|数据清洗|数据建模|R|机器学习|指标体系,全职,是,2025-03-03
JOB00156,数据分析师,同程旅行,旅游,10000人,武汉,湖北武汉,本科,3-5年,12K-18K,12000,18000,中级(15K-25K),R|数据挖掘|BI工具,全职,否,2025-02-16
JOB00157,商业数据分析师,微众银行,金融,1000人,长沙,湖南长沙,本科,10年以上,8K-12K,8000,12000,中初级(8K-15K),Tableau|增长分析|BI工具|大数据|数据清洗|竞品分析|用户画像|R,全职,否,2025-03-25
JOB00158,产品数据分析师,伊利,消费品,50000人,郑州,河南郑州,本科,3-5年,8K-12K,8000,12000,中初级(8K-15K),大数据|Spark|Tableau|增长分析|NLP|机器学习|R,全职,否,2025-05-28
JOB00159,增长数据分析师,陆金所,金融,5000人,杭州,浙江杭州,大专,3-5年,12K-18K,12000,18000,中级(15K-25K),A/B测试|Power BI|R|机器学习|数据清洗|数据可视化,全职,否,2025-05-21
JOB00160,增长数据分析师,58同城,本地生活,10000人,西安,陕西西安,硕士,3-5年,15K-20K,15000,20000,中级(15K-25K),Spark|SPSS|增长分析|统计分析|深度学习|Power BI,全职,否,2025-05-21
JOB00161,策略数据分析师,快手,互联网/IT,50000人,大连,辽宁大连,大专,5-10年,25K-35K,25000,35000,中高级(25K-40K),BI工具|SQL|Hive,全职,是,2025-01-23
JOB00162,策略数据分析师,海康威视,通信/电子,50000人,北京,北京,本科,3-5年,5K-8K,5000,8000,初级(8K以下),用户画像|大数据|埋点分析|深度学习|SQL|增长分析|数据仓库|数据挖掘,全职,否,2025-06-09
JOB00163,风控数据分析师,同程旅行,旅游,10000人,苏州,江苏苏州,大专,5-10年,15K-20K,15000,20000,中级(15K-25K),Tableau|ETL|Power BI|数据清洗,全职,是,2025-07-12
JOB00164,商业数据分析师,雀巢,消费品,10000人,郑州,河南郑州,本科,10年以上,10K-15K,10000,15000,中初级(8K-15K),数据清洗|A/B测试|埋点分析|Excel|指标体系|增长分析|Python|BI工具,全职,否,2025-04-02
JOB00165,产品数据分析师,阿里巴巴,互联网/IT,50000人,成都,四川成都,本科,5-10年,15K-20K,15000,20000,中级(15K-25K),NLP|Tableau|ETL|Python|数据清洗|R|回归分析,全职,否,2025-01-22
JOB00166,产品数据分析师,达能,消费品,10000人,天津,天津,本科,不限,20K-30K,20000,30000,中高级(25K-40K),R|回归分析|Power BI,全职,否,2025-04-03
JOB00167,策略数据分析师,农夫山泉,消费品,10000人,成都,四川成都,本科,3-5年,18K-25K,18000,25000,中级(15K-25K),机器学习|数据可视化|BI工具|增长分析|Power BI|竞品分析|Excel,兼职,否,2025-01-04
JOB00168,数据分析实习生,顺丰,物流,50000人,南京,江苏南京,本科,1-3年,6K-10K,6000,10000,中初级(8K-15K),BI工具|机器学习|SQL|指标体系|数据建模|Spark,全职,否,2025-06-19
JOB00169,高级数据分析师,理想汽车,汽车,5000人,深圳,广东深圳,硕士,5-10年,30K-40K,30000,40000,中高级(25K-40K),数据建模|Power BI|数据可视化,全职,否,2025-01-03
JOB00170,高级数据分析师,字节跳动,互联网/IT,50000人,苏州,江苏苏州,本科,3-5年,20K-30K,20000,30000,中高级(25K-40K),Hive|Spark|数据仓库|ETL,全职,否,2025-05-26
JOB00171,增长数据分析师,饿了么,本地生活,10000人,郑州,河南郑州,大专,3-5年,15K-25K,15000,25000,中级(15K-25K),数据清洗|回归分析|ETL|SPSS|埋点分析|数据可视化|BI工具,全职,是,2025-04-05
JOB00172,高级数据分析师,小红书,互联网/IT,5000人,成都,四川成都,本科,5-10年,18K-25K,18000,25000,中级(15K-25K),数据建模|数据清洗|增长分析|指标体系|大数据,全职,否,2025-04-11
JOB00173,策略数据分析师,理想汽车,汽车,5000人,长沙,湖南长沙,本科,3-5年,18K-25K,18000,25000,中级(15K-25K),Power BI|A/B测试|机器学习|用户画像|竞品分析|R|大数据,兼职,否,2025-03-10
JOB00174,风控数据分析师,微博,互联网/IT,5000人,东莞,广东东莞,硕士,1-3年,8K-12K,8000,12000,中初级(8K-15K),统计分析|Tableau|回归分析|R|数据挖掘|数据仓库,全职,是,2025-01-24
JOB00175,数据分析师(偏算法),好未来,教育,10000人,武汉,湖北武汉,本科,1-3年,15K-20K,15000,20000,中级(15K-25K),埋点分析|大数据|Power BI|指标体系|A/B测试|数据清洗,全职,是,2025-04-26
JOB00176,数据分析师(偏运营),理想汽车,汽车,5000人,深圳,广东深圳,本科,3-5年,12K-18K,12000,18000,中级(15K-25K),NLP|竞品分析|Hive|数据仓库|Python|统计分析|BI工具,全职,否,2025-01-25
JOB00177,策略数据分析师,联合利华,消费品,50000人,重庆,重庆,本科,3-5年,12K-18K,12000,18000,中级(15K-25K),指标体系|数据可视化|BI工具|机器学习|Hive|Tableau|SQL|竞品分析,全职,是,2025-05-18
JOB00178,增长数据分析师,陆金所,金融,5000人,厦门,福建厦门,本科,3-5年,15K-20K,15000,20000,中级(15K-25K),Power BI|统计分析|SQL|大数据|Tableau|A/B测试|Hive,全职,否,2025-07-24
JOB00179,数据分析经理,大疆,通信/电子,10000人,重庆,重庆,本科,10年以上,18K-25K,18000,25000,中级(15K-25K),大数据|Tableau|Spark|增长分析|竞品分析,全职,否,2025-01-28
JOB00180,商业数据分析师,58同城,本地生活,10000人,广州,广东广州,硕士,1-3年,35K-50K,35000,50000,高级(40K以上),SPSS|数据仓库|NLP|机器学习|深度学习|Hive|Spark,全职,是,2025-02-06
JOB00181,数据分析实习生,顺丰,物流,50000人,郑州,河南郑州,大专,3-5年,4K-6K,4000,6000,初级(8K以下),数据可视化|SQL|竞品分析|R|BI工具|数据建模,全职,否,2025-07-18
JOB00182,数据分析师(偏算法),建设银行,金融,50000人,重庆,重庆,本科,3-5年,8K-12K,8000,12000,中初级(8K-15K),ETL|指标体系|机器学习|用户画像|数据可视化|BI工具,全职,否,2025-03-28
JOB00183,资深数据分析师,猿辅导,教育,10000人,佛山,广东佛山,本科,5-10年,30K-40K,30000,40000,中高级(25K-40K),回归分析|Excel|埋点分析|Power BI|机器学习|Tableau|数据清洗,全职,否,2025-04-20
JOB00184,增长数据分析师,联想,通信/电子,50000人,东莞,广东东莞,本科,1-3年,12K-18K,12000,18000,中级(15K-25K),SPSS|数据仓库|NLP|大数据|A/B测试|Power BI|数据挖掘|机器学习,全职,否,2025-07-12
JOB00185,数据分析师(偏运营),阿里巴巴,互联网/IT,50000人,青岛,山东青岛,本科,5-10年,30K-40K,30000,40000,中高级(25K-40K),大数据|Hive|埋点分析|NLP|深度学习|竞品分析|Spark|BI工具,全职,是,2025-07-25
JOB00186,风控数据分析师,陆金所,金融,5000人,苏州,江苏苏州,大专,1-3年,8K-12K,8000,12000,中初级(8K-15K),回归分析|增长分析|BI工具|数据挖掘|大数据|数据仓库,全职,否,2025-03-25
JOB00187,数据分析经理,途牛,旅游,1000人,重庆,重庆,本科,10年以上,20K-30K,20000,30000,中高级(25K-40K),R|Hive|Tableau|增长分析|指标体系|数据清洗|A/B测试,全职,否,2025-01-15
JOB00188,数据分析师(偏算法),OPPO,通信/电子,10000人,南京,江苏南京,本科,5-10年,15K-20K,15000,20000,中级(15K-25K),用户画像|指标体系|Hive|SPSS|NLP|Power BI|R|埋点分析,全职,否,2025-05-09
JOB00189,用户数据分析师,同程旅行,旅游,10000人,成都,四川成都,本科,5-10年,8K-12K,8000,12000,中初级(8K-15K),埋点分析|深度学习|Tableau|Power BI|Hive|Python|数据建模,全职,否,2025-07-05
JOB00190,策略数据分析师,联合利华,消费品,50000人,杭州,浙江杭州,硕士,5-10年,15K-25K,15000,25000,中级(15K-25K),大数据|Power BI|回归分析|指标体系|数据建模|BI工具,全职,否,2025-06-26
JOB00191,产品数据分析师,拼多多,互联网/IT,10000人,郑州,河南郑州,本科,1-3年,25K-35K,25000,35000,中高级(25K-40K),大数据|机器学习|回归分析|SQL|增长分析|Excel,全职,否,2025-06-23
JOB00192,数据分析师(偏算法),链家,房产,10000人,深圳,广东深圳,硕士,3-5年,30K-40K,30000,40000,中高级(25K-40K),大数据|数据建模|机器学习|深度学习,全职,是,2025-02-19
JOB00193,策略数据分析师,微博,互联网/IT,5000人,长沙,湖南长沙,硕士,5-10年,5K-8K,5000,8000,初级(8K以下),SQL|Tableau|SPSS|Spark|BI工具|NLP,全职,否,2025-06-05
JOB00194,产品数据分析师,农夫山泉,消费品,10000人,成都,四川成都,硕士,5-10年,6K-10K,6000,10000,中初级(8K-15K),Excel|统计分析|埋点分析|指标体系|SPSS,全职,是,2025-06-23
JOB00195,数据分析经理,360数科,金融,5000人,合肥,安徽合肥,硕士,5-10年,18K-25K,18000,25000,中级(15K-25K),Power BI|回归分析|数据清洗,全职,否,2025-01-28
JOB00196,风控数据分析师,京东物流,物流,50000人,杭州,浙江杭州,本科,1-3年,6K-10K,6000,10000,中初级(8K-15K),Tableau|机器学习|统计分析,全职,否,2025-07-27
JOB00197,数据分析专员,联想,通信/电子,50000人,杭州,浙江杭州,本科,3-5年,12K-18K,12000,18000,中级(15K-25K),统计分析|增长分析|R|指标体系|深度学习|Power BI,全职,否,2025-04-28
JOB00198,增长数据分析师,度小满,金融,5000人,深圳,广东深圳,硕士,1-3年,6K-10K,6000,10000,中初级(8K-15K),统计分析|Hive|机器学习|Power BI|数据清洗|数据建模,全职,否,2025-05-20
JOB00199,数据分析师(偏运营),伊利,消费品,50000人,北京,北京,硕士,3-5年,8K-12K,8000,12000,中初级(8K-15K),ETL|R|增长分析|数据可视化|A/B测试|指标体系|Python,全职,否,2025-02-16
JOB00200,资深数据分析师,蔚来,汽车,10000人,广州,广东广州,本科,5-10年,20K-30K,20000,30000,中高级(25K-40K),统计分析|机器学习|Power BI,全职,否,2025-02-25
JOB00201,数据分析师,作业帮,教育,5000人,深圳,广东深圳,大专,不限,8K-12K,8000,12000,中初级(8K-15K),数据挖掘|数据可视化|ETL,全职,是,2025-07-14
JOB00202,用户数据分析师,京东物流,物流,50000人,郑州,河南郑州,本科,3-5年,12K-18K,12000,18000,中级(15K-25K),A/B测试|Excel|ETL,兼职,否,2025-02-18
JOB00203,策略数据分析师,饿了么,本地生活,10000人,郑州,河南郑州,本科,5-10年,15K-20K,15000,20000,中级(15K-25K),A/B测试|竞品分析|Hive,全职,否,2025-01-08
JOB00204,策略数据分析师,拼多多,互联网/IT,10000人,合肥,安徽合肥,本科,3-5年,5K-8K,5000,8000,初级(8K以下),埋点分析|增长分析|SPSS|Tableau|SQL|竞品分析|Power BI|深度学习,兼职,是,2025-05-17
JOB00205,增长数据分析师,玛氏,消费品,10000人,成都,四川成都,本科,5-10年,18K-25K,18000,25000,中级(15K-25K),BI工具|SQL|机器学习,全职,否,2025-01-09
JOB00206,数据分析实习生,B站,互联网/IT,5000人,青岛,山东青岛,本科,3-5年,5K-8K,5000,8000,初级(8K以下),统计分析|SPSS|数据建模|BI工具,全职,是,2025-05-01
JOB00207,数据分析专员,百度,互联网/IT,50000人,北京,北京,本科,3-5年,10K-15K,10000,15000,中初级(8K-15K),NLP|Python|数据仓库|数据挖掘,全职,否,2025-04-08
JOB00208,高级数据分析师,饿了么,本地生活,10000人,南京,江苏南京,本科,3-5年,40K-60K,40000,60000,高级(40K以上),统计分析|Tableau|ETL|埋点分析|Python|SPSS|数据清洗,兼职,否,2025-04-28
JOB00209,商业数据分析师,伊利,消费品,50000人,苏州,江苏苏州,本科,3-5年,4K-6K,4000,6000,初级(8K以下),回归分析|数据挖掘|A/B测试|增长分析|用户画像,全职,是,2025-04-25
JOB00210,数据分析师(偏BI),华泰证券,金融,10000人,天津,天津,硕士,1-3年,4K-6K,4000,6000,初级(8K以下),数据清洗|数据仓库|统计分析,全职,否,2025-01-11
JOB00211,数据分析师(偏运营),字节跳动,互联网/IT,50000人,郑州,河南郑州,硕士,5-10年,6K-10K,6000,10000,中初级(8K-15K),Hive|大数据|Python|Power BI,全职,否,2025-02-28
JOB00212,高级数据分析师,去哪儿,旅游,10000人,合肥,安徽合肥,硕士,3-5年,40K-60K,40000,60000,高级(40K以上),Tableau|ETL|Power BI|指标体系|数据可视化|Excel|回归分析,全职,否,2025-03-28
JOB00213,用户数据分析师,美团,本地生活,50000人,郑州,河南郑州,硕士,5-10年,8K-12K,8000,12000,中初级(8K-15K),Excel|R|Power BI|BI工具,全职,否,2025-01-06
JOB00214,风控数据分析师,中通快递,物流,10000人,厦门,福建厦门,本科,1-3年,10K-15K,10000,15000,中初级(8K-15K),Spark|A/B测试|数据建模|NLP,全职,是,2025-06-10
JOB00215,商业数据分析师,百度,互联网/IT,50000人,武汉,湖北武汉,硕士,1-3年,6K-10K,6000,10000,中初级(8K-15K),数据可视化|ETL|Python|埋点分析|A/B测试,兼职,是,2025-01-13
JOB00216,风控数据分析师,中通快递,物流,10000人,天津,天津,硕士,1-3年,10K-15K,10000,15000,中初级(8K-15K),Tableau|SQL|Python|深度学习,全职,否,2025-02-27
JOB00217,数据分析实习生,比亚迪,汽车,50000人,重庆,重庆,本科,10年以上,8K-12K,8000,12000,中初级(8K-15K),深度学习|Excel|SQL|R|指标体系,全职,否,2025-03-04
JOB00218,增长数据分析师,百度,互联网/IT,50000人,厦门,福建厦门,本科,10年以上,10K-15K,10000,15000,中初级(8K-15K),大数据|SQL|数据可视化|埋点分析|Hive|SPSS,全职,否,2025-03-09
JOB00219,用户数据分析师,中通快递,物流,10000人,杭州,浙江杭州,大专,3-5年,8K-12K,8000,12000,中初级(8K-15K),Hive|数据仓库|大数据|Python|Excel|数据建模,全职,否,2025-06-26
JOB00220,数据分析师(偏BI),飞猪,旅游,50000人,南京,江苏南京,本科,5-10年,15K-25K,15000,25000,中级(15K-25K),统计分析|大数据|数据仓库|深度学习|NLP|回归分析|ETL|机器学习,全职,否,2025-03-20
JOB00221,数据分析经理,陆金所,金融,5000人,北京,北京,硕士,10年以上,35K-50K,35000,50000,高级(40K以上),统计分析|BI工具|回归分析|数据清洗|SPSS|Tableau|深度学习,全职,否,2025-01-25
JOB00222,数据分析师(偏算法),陆金所,金融,5000人,东莞,广东东莞,硕士,5-10年,10K-15K,10000,15000,中初级(8K-15K),SPSS|数据清洗|回归分析|机器学习,全职,否,2025-05-01
JOB00223,风控数据分析师,链家,房产,10000人,东莞,广东东莞,本科,3-5年,6K-10K,6000,10000,中初级(8K-15K),数据仓库|A/B测试|SPSS|大数据|Python|Excel,全职,是,2025-01-17
JOB00224,产品数据分析师,知乎,互联网/IT,1000人,北京,北京,本科,3-5年,15K-25K,15000,25000,中级(15K-25K),SPSS|数据挖掘|机器学习|Python|SQL|Power BI|回归分析|竞品分析,全职,否,2025-07-12
JOB00225,产品数据分析师,B站,互联网/IT,5000人,重庆,重庆,硕士,3-5年,12K-18K,12000,18000,中级(15K-25K),机器学习|Power BI|SPSS|增长分析|Hive,兼职,否,2025-06-11
JOB00226,商业数据分析师,工商银行,金融,50000人,天津,天津,硕士,10年以上,15K-25K,15000,25000,中级(15K-25K),回归分析|深度学习|SPSS|数据可视化|A/B测试|竞品分析|增长分析|Power BI,全职,是,2025-06-19
JOB00227,数据分析实习生,小鹏汽车,汽车,5000人,东莞,广东东莞,本科,3-5年,10K-15K,10000,15000,中初级(8K-15K),指标体系|回归分析|Tableau|大数据,全职,是,2025-02-21
JOB00228,高级数据分析师,拼多多,互联网/IT,10000人,长沙,湖南长沙,本科,3-5年,20K-30K,20000,30000,中高级(25K-40K),数据建模|数据挖掘|Tableau|增长分析|SQL,全职,是,2025-04-16
JOB00229,数据分析师(偏算法),理想汽车,汽车,5000人,重庆,重庆,本科,1-3年,10K-15K,10000,15000,中初级(8K-15K),指标体系|BI工具|埋点分析|数据清洗|SPSS|Spark|Excel,全职,否,2025-01-11
JOB00230,增长数据分析师,玛氏,消费品,10000人,广州,广东广州,本科,1-3年,10K-15K,10000,15000,中初级(8K-15K),数据仓库|Excel|机器学习,全职,否,2025-04-23
JOB00231,数据分析专员,美团,互联网/IT,50000人,合肥,安徽合肥,硕士,1-3年,20K-30K,20000,30000,中高级(25K-40K),Tableau|机器学习|R,全职,否,2025-05-24
JOB00232,数据分析师(偏BI),途牛,旅游,1000人,西安,陕西西安,硕士,1-3年,6K-10K,6000,10000,中初级(8K-15K),数据仓库|深度学习|大数据|Power BI|Python|统计分析|SQL,全职,否,2025-06-21
JOB00233,高级数据分析师,知乎,互联网/IT,1000人,武汉,湖北武汉,本科,5-10年,25K-35K,25000,35000,中高级(25K-40K),NLP|Tableau|A/B测试|数据可视化|大数据|增长分析,全职,否,2025-03-13
JOB00234,商业数据分析师,安居客,房产,5000人,成都,四川成都,本科,1-3年,10K-15K,10000,15000,中初级(8K-15K),回归分析|Python|Power BI|BI工具|竞品分析,全职,否,2025-03-26
JOB00235,数据分析师(偏算法),途牛,旅游,1000人,合肥,安徽合肥,博士,3-5年,12K-18K,12000,18000,中级(15K-25K),深度学习|ETL|Hive|数据仓库|埋点分析|大数据,全职,否,2025-03-03
JOB00236,策略数据分析师,小鹏汽车,汽车,5000人,上海,上海,本科,10年以上,15K-25K,15000,25000,中级(15K-25K),Power BI|Tableau|BI工具|Spark|SPSS|增长分析|R,全职,否,2025-04-03
JOB00237,用户数据分析师,顺丰,物流,50000人,武汉,湖北武汉,博士,3-5年,18K-25K,18000,25000,中级(15K-25K),增长分析|数据挖掘|Excel|数据可视化|数据仓库,全职,否,2025-03-17
JOB00238,数据分析师(偏BI),猿辅导,教育,10000人,北京,北京,硕士,3-5年,12K-18K,12000,18000,中级(15K-25K),Hive|Power BI|回归分析,全职,否,2025-01-04
JOB00239,用户数据分析师,蚂蚁集团,互联网/IT,10000人,苏州,江苏苏州,硕士,5-10年,18K-25K,18000,25000,中级(15K-25K),指标体系|大数据|回归分析|用户画像|深度学习|Python,全职,是,2025-05-20
JOB00240,数据分析师,比亚迪,汽车,50000人,上海,上海,本科,5-10年,15K-20K,15000,20000,中级(15K-25K),大数据|数据建模|统计分析|SQL|机器学习|A/B测试|竞品分析|深度学习,全职,否,2025-06-04
JOB00241,产品数据分析师,360数科,金融,5000人,杭州,浙江杭州,本科,5-10年,15K-25K,15000,25000,中级(15K-25K),增长分析|Hive|用户画像|指标体系|Excel,全职,是,2025-07-14
JOB00242,数据分析专员,微博,互联网/IT,5000人,大连,辽宁大连,硕士,5-10年,10K-15K,10000,15000,中初级(8K-15K),A/B测试|竞品分析|ETL,全职,否,2025-05-19
JOB00243,商业数据分析师,美团,互联网/IT,50000人,成都,四川成都,本科,5-10年,18K-25K,18000,25000,中级(15K-25K),Spark|Python|统计分析,全职,否,2025-07-15
JOB00244,产品数据分析师,陌陌,互联网/IT,5000人,郑州,河南郑州,本科,1-3年,5K-8K,5000,8000,初级(8K以下),用户画像|Spark|SPSS|大数据|回归分析|数据仓库,全职,否,2025-03-24
JOB00245,风控数据分析师,拼多多,互联网/IT,10000人,苏州,江苏苏州,大专,不限,18K-25K,18000,25000,中级(15K-25K),NLP|数据清洗|指标体系|埋点分析,全职,是,2025-05-01
JOB00246,数据分析师,阿里巴巴,互联网/IT,50000人,青岛,山东青岛,硕士,3-5年,12K-18K,12000,18000,中级(15K-25K),数据建模|用户画像|数据挖掘|A/B测试,全职,否,2025-03-14
JOB00247,数据分析师(偏运营),理想汽车,汽车,5000人,重庆,重庆,本科,1-3年,8K-12K,8000,12000,中初级(8K-15K),数据可视化|回归分析|Tableau|SQL|ETL|埋点分析|统计分析,全职,否,2025-03-10
JOB00248,数据分析师(偏算法),华为,通信/电子,50000人,青岛,山东青岛,本科,10年以上,15K-20K,15000,20000,中级(15K-25K),数据建模|指标体系|竞品分析|A/B测试|R,全职,是,2025-01-26
JOB00249,用户数据分析师,比亚迪,汽车,50000人,长沙,湖南长沙,硕士,5-10年,15K-20K,15000,20000,中级(15K-25K),Hive|数据可视化|增长分析|Python|回归分析,全职,否,2025-02-11
JOB00250,产品数据分析师,陆金所,金融,5000人,天津,天津,本科,3-5年,25K-35K,25000,35000,中高级(25K-40K),A/B测试|SPSS|埋点分析|数据仓库|深度学习|NLP|Tableau,全职,否,2025-06-26
JOB00251,数据分析师(偏算法),建设银行,金融,50000人,长沙,湖南长沙,硕士,1-3年,8K-12K,8000,12000,中初级(8K-15K),Hive|数据挖掘|机器学习|统计分析|数据建模,全职,否,2025-01-16
JOB00252,商业数据分析师,网易,互联网/IT,50000人,东莞,广东东莞,本科,3-5年,10K-15K,10000,15000,中初级(8K-15K),Tableau|埋点分析|数据可视化|ETL|A/B测试|Hive|Python,全职,否,2025-02-11
JOB00253,数据分析师(偏算法),中国一汽,汽车,50000人,东莞,广东东莞,硕士,10年以上,6K-10K,6000,10000,中初级(8K-15K),SPSS|BI工具|Excel|大数据|机器学习|指标体系|NLP|增长分析,全职,否,2025-03-07
JOB00254,高级数据分析师,招商银行,金融,50000人,东莞,广东东莞,硕士,5-10年,18K-25K,18000,25000,中级(15K-25K),用户画像|Hive|指标体系|数据可视化,全职,否,2025-06-12
JOB00255,数据分析师,阿里巴巴,互联网/IT,50000人,长沙,湖南长沙,硕士,3-5年,4K-6K,4000,6000,初级(8K以下),增长分析|数据清洗|深度学习|竞品分析|统计分析|A/B测试|Power BI|Tableau,全职,否,2025-02-03
JOB00256,数据分析师(偏运营),百度,互联网/IT,50000人,苏州,江苏苏州,硕士,3-5年,12K-18K,12000,18000,中级(15K-25K),Hive|埋点分析|Power BI|机器学习|大数据,全职,否,2025-07-13
JOB00257,数据分析师,腾讯,互联网/IT,50000人,南京,江苏南京,本科,10年以上,8K-12K,8000,12000,中初级(8K-15K),ETL|SPSS|Tableau|统计分析|竞品分析|指标体系|Python,全职,否,2025-07-18
JOB00258,数据分析师,网易,互联网/IT,50000人,佛山,广东佛山,博士,3-5年,15K-20K,15000,20000,中级(15K-25K),竞品分析|Tableau|Hive,全职,否,2025-03-16
JOB00259,策略数据分析师,海康威视,通信/电子,50000人,武汉,湖北武汉,硕士,3-5年,8K-12K,8000,12000,中初级(8K-15K),埋点分析|ETL|数据建模,全职,否,2025-04-27
JOB00260,高级数据分析师,华为,通信/电子,50000人,大连,辽宁大连,硕士,3-5年,20K-30K,20000,30000,中高级(25K-40K),R|用户画像|NLP|BI工具|数据建模|ETL,全职,否,2025-05-16
JOB00261,资深数据分析师,微众银行,金融,1000人,青岛,山东青岛,本科,3-5年,30K-40K,30000,40000,中高级(25K-40K),深度学习|回归分析|埋点分析,兼职,否,2025-06-04
JOB00262,数据分析师,欧莱雅,消费品,5000人,南京,江苏南京,本科,10年以上,8K-12K,8000,12000,中初级(8K-15K),深度学习|SPSS|NLP,全职,是,2025-07-22
JOB00263,数据分析师,美团,本地生活,50000人,合肥,安徽合肥,硕士,不限,15K-25K,15000,25000,中级(15K-25K),NLP|Power BI|埋点分析,全职,否,2025-04-20
JOB00264,数据分析师(偏BI),雀巢,消费品,10000人,深圳,广东深圳,本科,1-3年,6K-10K,6000,10000,中初级(8K-15K),数据建模|深度学习|数据可视化|竞品分析|大数据|Hive,全职,否,2025-01-05
JOB00265,数据分析实习生,快手,互联网/IT,50000人,成都,四川成都,本科,10年以上,6K-10K,6000,10000,中初级(8K-15K),Spark|SPSS|用户画像|数据可视化|统计分析|数据挖掘|SQL|Power BI,全职,否,2025-01-09
JOB00266,数据分析实习生,美团,本地生活,50000人,北京,北京,本科,3-5年,6K-10K,6000,10000,中初级(8K-15K),回归分析|数据清洗|埋点分析|机器学习|ETL|增长分析|用户画像|Tableau,全职,否,2025-06-13
JOB00267,资深数据分析师,海康威视,通信/电子,50000人,天津,天津,硕士,10年以上,20K-30K,20000,30000,中高级(25K-40K),ETL|NLP|大数据|SPSS,全职,是,2025-01-17
JOB00268,数据分析经理,陆金所,金融,5000人,天津,天津,本科,3-5年,30K-40K,30000,40000,中高级(25K-40K),数据挖掘|回归分析|Spark|Excel|大数据|NLP,兼职,否,2025-04-14
JOB00269,数据分析实习生,京东,互联网/IT,50000人,天津,天津,本科,5-10年,6K-10K,6000,10000,中初级(8K-15K),A/B测试|ETL|数据仓库|R|指标体系|埋点分析|Spark|机器学习,全职,否,2025-05-25
JOB00270,商业数据分析师,作业帮,教育,5000人,重庆,重庆,硕士,1-3年,15K-25K,15000,25000,中级(15K-25K),机器学习|统计分析|深度学习,全职,否,2025-05-17
JOB00271,增长数据分析师,安居客,房产,5000人,广州,广东广州,大专,1-3年,6K-10K,6000,10000,中初级(8K-15K),增长分析|Hive|Tableau|数据建模|用户画像|R|竞品分析|数据挖掘,全职,否,2025-04-27
JOB00272,数据分析师(偏算法),中信证券,金融,10000人,长沙,湖南长沙,本科,3-5年,20K-30K,20000,30000,中高级(25K-40K),回归分析|Tableau|BI工具|Spark|数据挖掘|埋点分析|NLP|ETL,全职,是,2025-05-24
JOB00273,数据分析师(偏运营),网易,互联网/IT,50000人,天津,天津,硕士,5-10年,10K-15K,10000,15000,中初级(8K-15K),竞品分析|回归分析|SPSS|增长分析,全职,否,2025-06-20
JOB00274,增长数据分析师,饿了么,本地生活,10000人,大连,辽宁大连,硕士,3-5年,12K-18K,12000,18000,中级(15K-25K),数据建模|数据可视化|机器学习|A/B测试,全职,否,2025-04-20
JOB00275,增长数据分析师,携程,旅游,50000人,苏州,江苏苏州,硕士,3-5年,8K-12K,8000,12000,中初级(8K-15K),指标体系|R|深度学习|数据挖掘|用户画像|竞品分析|A/B测试,兼职,否,2025-02-23
JOB00276,风控数据分析师,工商银行,金融,50000人,大连,辽宁大连,本科,3-5年,15K-20K,15000,20000,中级(15K-25K),数据仓库|大数据|回归分析|埋点分析|竞品分析,全职,否,2025-07-18
JOB00277,数据分析专员,伊利,消费品,50000人,合肥,安徽合肥,硕士,3-5年,5K-8K,5000,8000,初级(8K以下),埋点分析|Python|R,全职,是,2025-03-22
JOB00278,风控数据分析师,欧莱雅,消费品,5000人,杭州,浙江杭州,硕士,3-5年,8K-12K,8000,12000,中初级(8K-15K),Python|统计分析|Spark|Tableau|用户画像|埋点分析|数据仓库,全职,否,2025-05-13
JOB00279,策略数据分析师,宝洁,消费品,50000人,大连,辽宁大连,硕士,5-10年,8K-12K,8000,12000,中初级(8K-15K),数据可视化|Hive|数据挖掘,全职,否,2025-05-02
JOB00280,数据分析经理,阿里巴巴,互联网/IT,50000人,西安,陕西西安,本科,10年以上,20K-30K,20000,30000,中高级(25K-40K),指标体系|竞品分析|统计分析|BI工具,全职,否,2025-02-10
JOB00281,增长数据分析师,中通快递,物流,10000人,成都,四川成都,博士,不限,30K-40K,30000,40000,中高级(25K-40K),Tableau|数据可视化|Python|Hive|数据建模|数据仓库|增长分析,全职,是,2025-03-01
JOB00282,产品数据分析师,大众点评,本地生活,50000人,厦门,福建厦门,硕士,1-3年,6K-10K,6000,10000,中初级(8K-15K),Python|BI工具|指标体系|用户画像|埋点分析|A/B测试|大数据,全职,否,2025-01-26
JOB00283,数据分析师(偏运营),美团,本地生活,50000人,大连,辽宁大连,本科,1-3年,5K-8K,5000,8000,初级(8K以下),Hive|数据仓库|数据可视化|Excel,全职,否,2025-06-11
JOB00284,数据分析经理,大众点评,本地生活,50000人,重庆,重庆,本科,5-10年,25K-35K,25000,35000,中高级(25K-40K),深度学习|BI工具|指标体系|SQL|Tableau|埋点分析|统计分析,全职,否,2025-01-22
JOB00285,数据分析师(偏运营),饿了么,本地生活,10000人,郑州,河南郑州,硕士,10年以上,10K-15K,10000,15000,中初级(8K-15K),A/B测试|SQL|ETL|BI工具|统计分析|数据挖掘|竞品分析|Spark,全职,否,2025-06-07
JOB00286,风控数据分析师,饿了么,本地生活,10000人,大连,辽宁大连,本科,不限,30K-40K,30000,40000,中高级(25K-40K),数据仓库|SQL|指标体系|Excel|R|埋点分析|数据挖掘,全职,否,2025-04-27
JOB00287,风控数据分析师,华为,通信/电子,50000人,武汉,湖北武汉,本科,5-10年,30K-40K,30000,40000,中高级(25K-40K),指标体系|深度学习|Excel|增长分析|埋点分析|Power BI,全职,是,2025-01-03
JOB00288,数据分析师(偏算法),B站,互联网/IT,5000人,上海,上海,本科,1-3年,6K-10K,6000,10000,中初级(8K-15K),数据建模|Hive|数据可视化|Spark,全职,否,2025-01-13
JOB00289,增长数据分析师,OPPO,通信/电子,10000人,天津,天津,大专,5-10年,5K-8K,5000,8000,初级(8K以下),Python|竞品分析|Excel|统计分析|ETL|Tableau|A/B测试,全职,否,2025-01-10
JOB00290,数据分析师(偏运营),菜鸟,物流,10000人,郑州,河南郑州,本科,3-5年,10K-15K,10000,15000,中初级(8K-15K),Power BI|增长分析|数据可视化|数据挖掘,全职,否,2025-06-05
JOB00291,数据分析专员,农夫山泉,消费品,10000人,重庆,重庆,博士,不限,18K-25K,18000,25000,中级(15K-25K),Python|SQL|回归分析,全职,否,2025-01-10
JOB00292,数据分析专员,微众银行,金融,1000人,重庆,重庆,本科,10年以上,18K-25K,18000,25000,中级(15K-25K),SPSS|数据清洗|用户画像|深度学习,全职,是,2025-06-26
JOB00293,高级数据分析师,网易,互联网/IT,50000人,天津,天津,本科,3-5年,30K-40K,30000,40000,中高级(25K-40K),Tableau|R|增长分析|回归分析|大数据,全职,否,2025-03-20
JOB00294,用户数据分析师,小红书,互联网/IT,5000人,武汉,湖北武汉,本科,3-5年,12K-18K,12000,18000,中级(15K-25K),回归分析|Power BI|NLP|数据挖掘|统计分析|机器学习|Hive|SPSS,全职,是,2025-02-23
JOB00295,资深数据分析师,顺丰,物流,50000人,西安,陕西西安,硕士,10年以上,25K-35K,25000,35000,中高级(25K-40K),Spark|NLP|统计分析|BI工具|A/B测试|大数据,全职,否,2025-07-27
JOB00296,增长数据分析师,联想,通信/电子,50000人,天津,天津,本科,5-10年,12K-18K,12000,18000,中级(15K-25K),SQL|NLP|ETL,全职,否,2025-05-13
JOB00297,数据分析经理,度小满,金融,5000人,上海,上海,本科,5-10年,20K-30K,20000,30000,中高级(25K-40K),BI工具|Power BI|统计分析|数据可视化|数据清洗|回归分析|A/B测试|深度学习,全职,否,2025-06-08
JOB00298,数据分析实习生,招商银行,金融,50000人,大连,辽宁大连,本科,1-3年,5K-8K,5000,8000,初级(8K以下),NLP|Power BI|增长分析|数据挖掘|大数据|统计分析|Python|数据清洗,全职,否,2025-06-07
JOB00299,数据分析师,去哪儿,旅游,10000人,重庆,重庆,本科,10年以上,20K-30K,20000,30000,中高级(25K-40K),机器学习|Tableau|竞品分析|ETL|指标体系|数据建模|数据挖掘|回归分析,全职,否,2025-06-13
JOB00300,数据分析师(偏BI),自如,房产,5000人,东莞,广东东莞,硕士,5-10年,10K-15K,10000,15000,中初级(8K-15K),ETL|数据可视化|统计分析|深度学习,全职,否,2025-04-20
JOB00301,数据分析师(偏运营),字节跳动,互联网/IT,50000人,大连,辽宁大连,硕士,3-5年,8K-12K,8000,12000,中初级(8K-15K),数据建模|R|Power BI|SPSS|BI工具|统计分析|用户画像|Tableau,全职,否,2025-03-24
JOB00302,策略数据分析师,小米,通信/电子,10000人,青岛,山东青岛,硕士,3-5年,12K-18K,12000,18000,中级(15K-25K),SQL|数据清洗|Python|Power BI|回归分析|增长分析,全职,是,2025-01-19
JOB00303,数据分析师(偏BI),大疆,通信/电子,10000人,上海,上海,本科,10年以上,10K-15K,10000,15000,中初级(8K-15K),回归分析|指标体系|SQL|增长分析|BI工具|埋点分析|A/B测试,全职,否,2025-05-16
JOB00304,数据分析实习生,知乎,互联网/IT,1000人,成都,四川成都,本科,3-5年,6K-10K,6000,10000,中初级(8K-15K),用户画像|埋点分析|ETL|数据建模,全职,是,2025-01-08
JOB00305,资深数据分析师,理想汽车,汽车,5000人,郑州,河南郑州,本科,5-10年,35K-50K,35000,50000,高级(40K以上),埋点分析|Hive|Power BI|用户画像|Tableau|SPSS|大数据,全职,否,2025-07-04
JOB00306,数据分析师,拼多多,互联网/IT,10000人,青岛,山东青岛,硕士,10年以上,12K-18K,12000,18000,中级(15K-25K),指标体系|Hive|ETL|深度学习|统计分析|Python|数据挖掘|BI工具,全职,是,2025-07-25
JOB00307,增长数据分析师,理想汽车,汽车,5000人,重庆,重庆,本科,5-10年,15K-25K,15000,25000,中级(15K-25K),Tableau|Hive|Power BI|数据建模|大数据|数据清洗|Excel,全职,是,2025-04-09
JOB00308,高级数据分析师,中信证券,金融,10000人,北京,北京,硕士,3-5年,30K-40K,30000,40000,中高级(25K-40K),SQL|数据可视化|指标体系|R|竞品分析|机器学习|Hive,全职,否,2025-07-18
JOB00309,风控数据分析师,京东物流,物流,50000人,东莞,广东东莞,本科,1-3年,15K-20K,15000,20000,中级(15K-25K),Hive|数据仓库|数据挖掘|大数据,全职,是,2025-04-09
JOB00310,数据分析师(偏算法),元气森林,消费品,1000人,东莞,广东东莞,本科,5-10年,15K-20K,15000,20000,中级(15K-25K),Tableau|增长分析|数据清洗|Spark|竞品分析|SPSS|NLP|R,全职,否,2025-07-18
JOB00311,数据分析师(偏算法),网易,互联网/IT,50000人,成都,四川成都,本科,3-5年,15K-25K,15000,25000,中级(15K-25K),大数据|用户画像|Hive|Excel,全职,是,2025-01-20
JOB00312,用户数据分析师,京东,互联网/IT,50000人,郑州,河南郑州,硕士,3-5年,15K-20K,15000,20000,中级(15K-25K),用户画像|Python|BI工具|SPSS|指标体系|大数据|Spark|SQL,全职,是,2025-07-17
JOB00313,商业数据分析师,伊利,消费品,50000人,武汉,湖北武汉,大专,3-5年,10K-15K,10000,15000,中初级(8K-15K),SPSS|埋点分析|Python|统计分析|数据清洗|指标体系|SQL,全职,否,2025-03-25
JOB00314,数据分析师,比亚迪,汽车,50000人,重庆,重庆,硕士,3-5年,8K-12K,8000,12000,中初级(8K-15K),竞品分析|Excel|深度学习|数据仓库|A/B测试|BI工具|回归分析|统计分析,全职,否,2025-02-20
JOB00315,数据分析师(偏BI),中信证券,金融,10000人,厦门,福建厦门,硕士,3-5年,8K-12K,8000,12000,中初级(8K-15K),Tableau|数据仓库|Excel|ETL|A/B测试|机器学习|NLP,兼职,否,2025-05-27
JOB00316,风控数据分析师,欧莱雅,消费品,5000人,厦门,福建厦门,博士,3-5年,15K-25K,15000,25000,中级(15K-25K),BI工具|Spark|埋点分析|回归分析|NLP,全职,是,2025-01-13
JOB00317,数据分析师(偏运营),陆金所,金融,5000人,南京,江苏南京,硕士,3-5年,10K-15K,10000,15000,中初级(8K-15K),竞品分析|深度学习|数据建模,全职,是,2025-06-24
JOB00318,商业数据分析师,58同城,本地生活,10000人,深圳,广东深圳,本科,1-3年,8K-12K,8000,12000,中初级(8K-15K),数据建模|SPSS|增长分析|埋点分析|R|大数据|数据挖掘,全职,是,2025-03-07
JOB00319,风控数据分析师,360数科,金融,5000人,武汉,湖北武汉,硕士,5-10年,10K-15K,10000,15000,中初级(8K-15K),Tableau|Excel|埋点分析,全职,否,2025-01-25
JOB00320,资深数据分析师,途牛,旅游,1000人,上海,上海,硕士,10年以上,18K-25K,18000,25000,中级(15K-25K),NLP|数据建模|大数据|SPSS|ETL|深度学习|数据可视化,全职,是,2025-04-18
JOB00321,数据分析经理,京东,互联网/IT,50000人,大连,辽宁大连,本科,5-10年,30K-40K,30000,40000,中高级(25K-40K),竞品分析|ETL|Spark,全职,否,2025-01-11
JOB00322,用户数据分析师,自如,房产,5000人,佛山,广东佛山,硕士,1-3年,8K-12K,8000,12000,中初级(8K-15K),用户画像|机器学习|统计分析|SPSS|大数据|Hive,全职,是,2025-03-12
JOB00323,策略数据分析师,比亚迪,汽车,50000人,西安,陕西西安,本科,3-5年,30K-40K,30000,40000,中高级(25K-40K),深度学习|Tableau|增长分析|数据建模,全职,否,2025-07-13
JOB00324,数据分析师,华泰证券,金融,10000人,杭州,浙江杭州,硕士,5-10年,10K-15K,10000,15000,中初级(8K-15K),Hive|大数据|Power BI|NLP,全职,否,2025-03-26
JOB00325,高级数据分析师,微博,互联网/IT,5000人,苏州,江苏苏州,本科,5-10年,20K-30K,20000,30000,中高级(25K-40K),SPSS|Python|R|数据建模|大数据|指标体系|Tableau|Spark,全职,否,2025-07-09
JOB00326,数据分析实习生,贝壳找房,房产,10000人,北京,北京,本科,3-5年,6K-10K,6000,10000,中初级(8K-15K),回归分析|指标体系|数据仓库|SPSS,全职,否,2025-07-24
JOB00327,数据分析专员,中通快递,物流,10000人,深圳,广东深圳,本科,1-3年,12K-18K,12000,18000,中级(15K-25K),指标体系|数据挖掘|机器学习|Hive,全职,否,2025-07-03
JOB00328,增长数据分析师,滴滴出行,互联网/IT,10000人,成都,四川成都,本科,1-3年,15K-20K,15000,20000,中级(15K-25K),用户画像|指标体系|数据可视化|数据建模|Spark,兼职,否,2025-06-19
JOB00329,增长数据分析师,去哪儿,旅游,10000人,厦门,福建厦门,本科,1-3年,5K-8K,5000,8000,初级(8K以下),埋点分析|数据建模|增长分析|竞品分析,全职,否,2025-04-04
JOB00330,风控数据分析师,蚂蚁集团,互联网/IT,10000人,深圳,广东深圳,硕士,3-5年,5K-8K,5000,8000,初级(8K以下),ETL|BI工具|Excel|Tableau|数据建模|用户画像,全职,是,2025-04-10
JOB00331,数据分析师(偏运营),360数科,金融,5000人,南京,江苏南京,硕士,3-5年,6K-10K,6000,10000,中初级(8K-15K),SQL|Python|埋点分析|统计分析,全职,否,2025-04-15
JOB00332,数据分析师(偏运营),途牛,旅游,1000人,西安,陕西西安,本科,1-3年,25K-35K,25000,35000,中高级(25K-40K),回归分析|用户画像|Spark|指标体系,全职,否,2025-04-17
JOB00333,高级数据分析师,同程旅行,旅游,10000人,苏州,江苏苏州,硕士,3-5年,30K-40K,30000,40000,中高级(25K-40K),A/B测试|统计分析|Hive|数据建模|Power BI|NLP,全职,是,2025-03-16
JOB00334,用户数据分析师,同程旅行,旅游,10000人,北京,北京,硕士,3-5年,15K-25K,15000,25000,中级(15K-25K),BI工具|Hive|数据挖掘,全职,是,2025-01-18
JOB00335,数据分析专员,安居客,房产,5000人,武汉,湖北武汉,本科,3-5年,10K-15K,10000,15000,中初级(8K-15K),增长分析|指标体系|数据可视化|数据挖掘|数据清洗|数据建模|Excel|Hive,全职,否,2025-07-20
JOB00336,商业数据分析师,雀巢,消费品,10000人,苏州,江苏苏州,本科,3-5年,8K-12K,8000,12000,中初级(8K-15K),SPSS|Power BI|A/B测试,全职,是,2025-04-09
JOB00337,数据分析师,微博,互联网/IT,5000人,武汉,湖北武汉,本科,1-3年,30K-40K,30000,40000,中高级(25K-40K),Tableau|A/B测试|数据建模|Power BI,全职,否,2025-02-03
JOB00338,风控数据分析师,海康威视,通信/电子,50000人,北京,北京,本科,1-3年,8K-12K,8000,12000,中初级(8K-15K),统计分析|Spark|竞品分析|Python|机器学习|Excel,兼职,否,2025-01-09
JOB00339,用户数据分析师,小鹏汽车,汽车,5000人,深圳,广东深圳,本科,1-3年,20K-30K,20000,30000,中高级(25K-40K),深度学习|SQL|Tableau|BI工具|竞品分析|数据清洗,兼职,否,2025-02-24
JOB00340,商业数据分析师,京东,互联网/IT,50000人,武汉,湖北武汉,本科,5-10年,12K-18K,12000,18000,中级(15K-25K),数据可视化|埋点分析|A/B测试|机器学习|SPSS|指标体系,全职,否,2025-05-17
JOB00341,数据分析师,OPPO,通信/电子,10000人,西安,陕西西安,本科,1-3年,10K-15K,10000,15000,中初级(8K-15K),R|Tableau|数据清洗|指标体系|Hive|机器学习|SQL|SPSS,全职,否,2025-04-26
JOB00342,增长数据分析师,联合利华,消费品,50000人,北京,北京,博士,3-5年,15K-20K,15000,20000,中级(15K-25K),Power BI|统计分析|BI工具|Excel|数据清洗|SPSS|大数据,全职,是,2025-07-21
JOB00343,高级数据分析师,快手,互联网/IT,50000人,上海,上海,本科,5-10年,35K-50K,35000,50000,高级(40K以上),大数据|数据清洗|机器学习|数据仓库,全职,否,2025-02-01
JOB00344,增长数据分析师,理想汽车,汽车,5000人,重庆,重庆,硕士,1-3年,5K-8K,5000,8000,初级(8K以下),数据仓库|A/B测试|NLP|竞品分析|大数据|R,全职,否,2025-03-24
JOB00345,数据分析专员,好未来,教育,10000人,西安,陕西西安,硕士,3-5年,18K-25K,18000,25000,中级(15K-25K),ETL|Power BI|Spark,全职,是,2025-03-15
JOB00346,数据分析师(偏算法),字节跳动,互联网/IT,50000人,大连,辽宁大连,本科,1-3年,4K-6K,4000,6000,初级(8K以下),BI工具|用户画像|数据清洗|机器学习|增长分析,兼职,是,2025-07-13
JOB00347,用户数据分析师,中信证券,金融,10000人,大连,辽宁大连,硕士,5-10年,6K-10K,6000,10000,中初级(8K-15K),Hive|指标体系|机器学习|Tableau|ETL,全职,否,2025-02-06
JOB00348,策略数据分析师,京东,互联网/IT,50000人,武汉,湖北武汉,本科,1-3年,5K-8K,5000,8000,初级(8K以下),埋点分析|大数据|ETL|用户画像|竞品分析|回归分析,全职,是,2025-05-23
JOB00349,资深数据分析师,B站,互联网/IT,5000人,北京,北京,硕士,5-10年,40K-60K,40000,60000,高级(40K以上),Spark|数据挖掘|指标体系,全职,是,2025-03-26
JOB00350,用户数据分析师,快手,互联网/IT,50000人,佛山,广东佛山,本科,不限,6K-10K,6000,10000,中初级(8K-15K),R|ETL|Tableau,全职,是,2025-04-07
JOB00351,数据分析师(偏运营),中信证券,金融,10000人,大连,辽宁大连,硕士,3-5年,25K-35K,25000,35000,中高级(25K-40K),数据仓库|Hive|增长分析|Tableau|指标体系|回归分析|统计分析|Spark,全职,否,2025-01-06
JOB00352,数据分析实习生,建设银行,金融,50000人,天津,天津,本科,1-3年,6K-10K,6000,10000,中初级(8K-15K),统计分析|机器学习|数据仓库|深度学习|NLP|Hive,全职,否,2025-05-18
JOB00353,数据分析经理,度小满,金融,5000人,郑州,河南郑州,硕士,3-5年,35K-50K,35000,50000,高级(40K以上),数据可视化|SQL|增长分析|Python|A/B测试|用户画像,全职,是,2025-02-07
JOB00354,资深数据分析师,美团,本地生活,50000人,北京,北京,硕士,10年以上,20K-30K,20000,30000,中高级(25K-40K),ETL|数据仓库|回归分析|数据挖掘|Power BI|Tableau|Python,全职,否,2025-02-08
JOB00355,增长数据分析师,欧莱雅,消费品,5000人,苏州,江苏苏州,本科,3-5年,20K-30K,20000,30000,中高级(25K-40K),增长分析|机器学习|数据挖掘,全职,否,2025-06-23
JOB00356,数据分析师(偏BI),蚂蚁集团,互联网/IT,10000人,佛山,广东佛山,本科,不限,15K-25K,15000,25000,中级(15K-25K),BI工具|Python|机器学习,全职,否,2025-04-28
JOB00357,策略数据分析师,OPPO,通信/电子,10000人,南京,江苏南京,硕士,5-10年,20K-30K,20000,30000,中高级(25K-40K),数据可视化|Python|A/B测试|ETL|深度学习|机器学习|数据仓库|回归分析,全职,是,2025-02-05
JOB00358,高级数据分析师,网易,互联网/IT,50000人,郑州,河南郑州,博士,10年以上,25K-35K,25000,35000,中高级(25K-40K),Hive|A/B测试|数据挖掘|数据可视化,全职,是,2025-05-13
JOB00359,风控数据分析师,玛氏,消费品,10000人,深圳,广东深圳,本科,3-5年,15K-20K,15000,20000,中级(15K-25K),大数据|数据仓库|R|数据可视化,全职,否,2025-05-24
JOB00360,策略数据分析师,飞猪,旅游,50000人,南京,江苏南京,本科,1-3年,10K-15K,10000,15000,中初级(8K-15K),Excel|Tableau|埋点分析|Hive|BI工具|统计分析|竞品分析,全职,是,2025-06-01
JOB00361,数据分析经理,元气森林,消费品,1000人,成都,四川成都,博士,10年以上,18K-25K,18000,25000,中级(15K-25K),Power BI|Spark|Python|数据清洗|R|埋点分析|统计分析,全职,是,2025-02-20
JOB00362,数据分析经理,大疆,通信/电子,10000人,苏州,江苏苏州,大专,5-10年,20K-30K,20000,30000,中高级(25K-40K),SQL|机器学习|R|增长分析|数据仓库|数据挖掘,全职,是,2025-06-05
JOB00363,数据分析专员,腾讯,互联网/IT,50000人,郑州,河南郑州,本科,3-5年,5K-8K,5000,8000,初级(8K以下),A/B测试|R|数据挖掘,全职,否,2025-04-21
JOB00364,策略数据分析师,阿里巴巴,互联网/IT,50000人,深圳,广东深圳,本科,1-3年,18K-25K,18000,25000,中级(15K-25K),NLP|Tableau|SQL|A/B测试|指标体系,兼职,否,2025-05-23
JOB00365,商业数据分析师,蚂蚁集团,互联网/IT,10000人,长沙,湖南长沙,本科,3-5年,6K-10K,6000,10000,中初级(8K-15K),Spark|数据仓库|竞品分析|SQL|Python|数据清洗|ETL,全职,否,2025-06-06
JOB00366,数据分析师(偏运营),腾讯,互联网/IT,50000人,重庆,重庆,硕士,3-5年,8K-12K,8000,12000,中初级(8K-15K),数据挖掘|Python|指标体系|数据建模|数据可视化,全职,否,2025-01-18
JOB00367,高级数据分析师,达能,消费品,10000人,南京,江苏南京,本科,10年以上,50K-80K,50000,80000,高级(40K以上),数据可视化|ETL|埋点分析|用户画像|指标体系|数据挖掘|数据清洗|Hive,全职,是,2025-03-15
JOB00368,风控数据分析师,途牛,旅游,1000人,杭州,浙江杭州,本科,1-3年,12K-18K,12000,18000,中级(15K-25K),NLP|Power BI|A/B测试|竞品分析,全职,否,2025-02-14
JOB00369,增长数据分析师,大疆,通信/电子,10000人,东莞,广东东莞,硕士,1-3年,12K-18K,12000,18000,中级(15K-25K),SPSS|机器学习|深度学习,全职,否,2025-07-11
JOB00370,策略数据分析师,中国一汽,汽车,50000人,合肥,安徽合肥,本科,5-10年,18K-25K,18000,25000,中级(15K-25K),数据建模|Power BI|BI工具|R|Tableau|深度学习|SPSS|SQL,全职,否,2025-03-20
JOB00371,增长数据分析师,360数科,金融,5000人,佛山,广东佛山,本科,3-5年,10K-15K,10000,15000,中初级(8K-15K),Power BI|ETL|用户画像|大数据|竞品分析|指标体系,全职,否,2025-04-16
JOB00372,数据分析师,联想,通信/电子,50000人,成都,四川成都,本科,不限,15K-25K,15000,25000,中级(15K-25K),Hive|数据清洗|增长分析|埋点分析|R,全职,否,2025-04-28
JOB00373,风控数据分析师,微博,互联网/IT,5000人,长沙,湖南长沙,硕士,5-10年,10K-15K,10000,15000,中初级(8K-15K),用户画像|增长分析|深度学习,全职,否,2025-05-24
JOB00374,高级数据分析师,同程旅行,旅游,10000人,大连,辽宁大连,本科,5-10年,25K-35K,25000,35000,中高级(25K-40K),Spark|深度学习|Python|数据清洗|ETL|数据仓库,全职,否,2025-06-02
JOB00375,用户数据分析师,中信证券,金融,10000人,苏州,江苏苏州,本科,5-10年,15K-25K,15000,25000,中级(15K-25K),SPSS|Hive|A/B测试|用户画像|Python|竞品分析,全职,否,2025-07-21
JOB00376,资深数据分析师,中通快递,物流,10000人,深圳,广东深圳,硕士,10年以上,40K-60K,40000,60000,高级(40K以上),数据仓库|Power BI|数据可视化|Hive|机器学习|Spark|SQL|SPSS,全职,否,2025-01-09
JOB00377,数据分析经理,饿了么,本地生活,10000人,成都,四川成都,硕士,10年以上,30K-40K,30000,40000,中高级(25K-40K),统计分析|Excel|ETL|竞品分析|数据可视化|数据挖掘|用户画像|SPSS,全职,否,2025-05-28
JOB00378,数据分析师(偏BI),海康威视,通信/电子,50000人,成都,四川成都,硕士,1-3年,15K-20K,15000,20000,中级(15K-25K),A/B测试|增长分析|BI工具|Spark|指标体系,全职,是,2025-02-01
JOB00379,数据分析师,欧莱雅,消费品,5000人,北京,北京,本科,5-10年,12K-18K,12000,18000,中级(15K-25K),大数据|数据清洗|R|回归分析|埋点分析|NLP|Spark,全职,否,2025-05-01
JOB00380,商业数据分析师,联合利华,消费品,50000人,天津,天津,本科,3-5年,18K-25K,18000,25000,中级(15K-25K),SPSS|Power BI|Python,全职,否,2025-07-02
JOB00381,数据分析专员,农夫山泉,消费品,10000人,长沙,湖南长沙,硕士,不限,10K-15K,10000,15000,中初级(8K-15K),埋点分析|A/B测试|用户画像|竞品分析,全职,否,2025-05-06
JOB00382,产品数据分析师,猿辅导,教育,10000人,东莞,广东东莞,本科,不限,15K-25K,15000,25000,中级(15K-25K),数据可视化|深度学习|Excel|BI工具|Hive,全职,否,2025-04-05
JOB00383,商业数据分析师,OPPO,通信/电子,10000人,西安,陕西西安,本科,3-5年,8K-12K,8000,12000,中初级(8K-15K),Python|Tableau|回归分析|增长分析|指标体系|ETL|Excel,全职,否,2025-07-23
JOB00384,数据分析实习生,伊利,消费品,50000人,合肥,安徽合肥,本科,1-3年,8K-12K,8000,12000,中初级(8K-15K),Power BI|用户画像|回归分析|大数据|ETL,全职,否,2025-02-23
JOB00385,高级数据分析师,蒙牛,消费品,50000人,武汉,湖北武汉,大专,5-10年,20K-30K,20000,30000,中高级(25K-40K),NLP|R|数据挖掘|用户画像|Hive|增长分析|Python|机器学习,全职,否,2025-06-10
JOB00386,数据分析师,欧莱雅,消费品,5000人,深圳,广东深圳,本科,3-5年,8K-12K,8000,12000,中初级(8K-15K),埋点分析|机器学习|数据可视化,全职,否,2025-01-27
JOB00387,资深数据分析师,工商银行,金融,50000人,武汉,湖北武汉,本科,5-10年,25K-35K,25000,35000,中高级(25K-40K),数据挖掘|Python|指标体系|Power BI|大数据|BI工具,全职,否,2025-07-27
JOB00388,产品数据分析师,中国一汽,汽车,50000人,上海,上海,硕士,1-3年,15K-20K,15000,20000,中级(15K-25K),数据仓库|SQL|R|回归分析|埋点分析|机器学习|统计分析,全职,是,2025-07-01
JOB00389,数据分析师(偏BI),58同城,本地生活,10000人,郑州,河南郑州,本科,5-10年,12K-18K,12000,18000,中级(15K-25K),用户画像|Tableau|NLP|数据挖掘,全职,否,2025-03-23
JOB00390,数据分析经理,京东,互联网/IT,50000人,西安,陕西西安,本科,3-5年,20K-30K,20000,30000,中高级(25K-40K),R|ETL|A/B测试|SPSS|Tableau,全职,否,2025-05-01
JOB00391,数据分析师(偏算法),知乎,互联网/IT,1000人,大连,辽宁大连,本科,1-3年,10K-15K,10000,15000,中初级(8K-15K),A/B测试|BI工具|机器学习|Power BI|Tableau|ETL|埋点分析,全职,否,2025-01-15
JOB00392,数据分析师(偏算法),蔚来,汽车,10000人,大连,辽宁大连,本科,1-3年,5K-8K,5000,8000,初级(8K以下),NLP|Excel|机器学习|Spark|Python|Tableau|ETL,全职,否,2025-01-19
JOB00393,产品数据分析师,元气森林,消费品,1000人,武汉,湖北武汉,本科,1-3年,8K-12K,8000,12000,中初级(8K-15K),埋点分析|Tableau|数据建模|Power BI|SPSS|数据挖掘,兼职,是,2025-05-17
JOB00394,增长数据分析师,华为,通信/电子,50000人,武汉,湖北武汉,本科,3-5年,8K-12K,8000,12000,中初级(8K-15K),回归分析|数据清洗|SPSS|Excel|A/B测试,全职,否,2025-04-02
JOB00395,数据分析师,vivo,通信/电子,10000人,北京,北京,本科,3-5年,6K-10K,6000,10000,中初级(8K-15K),Hive|数据可视化|SPSS,全职,否,2025-06-27
JOB00396,风控数据分析师,中通快递,物流,10000人,佛山,广东佛山,本科,1-3年,8K-12K,8000,12000,中初级(8K-15K),数据挖掘|数据仓库|Excel|BI工具|Spark|回归分析|Power BI|NLP,全职,否,2025-04-04
JOB00397,商业数据分析师,猿辅导,教育,10000人,苏州,江苏苏州,硕士,5-10年,10K-15K,10000,15000,中初级(8K-15K),Power BI|NLP|用户画像|数据建模,全职,否,2025-06-22
JOB00398,产品数据分析师,大众点评,本地生活,50000人,长沙,湖南长沙,本科,不限,10K-15K,10000,15000,中初级(8K-15K),Spark|SPSS|A/B测试|BI工具|统计分析|用户画像,全职,否,2025-04-27
JOB00399,数据分析经理,华为,通信/电子,50000人,长沙,湖南长沙,本科,3-5年,18K-25K,18000,25000,中级(15K-25K),回归分析|Hive|数据清洗|用户画像|数据挖掘|数据仓库,全职,是,2025-06-19
JOB00400,数据分析专员,顺丰,物流,50000人,合肥,安徽合肥,本科,1-3年,15K-20K,15000,20000,中级(15K-25K),埋点分析|Excel|增长分析|竞品分析|回归分析|大数据|Tableau|数据挖掘,全职,否,2025-01-27
JOB00401,策略数据分析师,菜鸟,物流,10000人,成都,四川成都,本科,3-5年,12K-18K,12000,18000,中级(15K-25K),BI工具|深度学习|数据可视化|机器学习|大数据|指标体系|埋点分析,全职,是,2025-02-19
JOB00402,数据分析实习生,字节跳动,互联网/IT,50000人,杭州,浙江杭州,本科,3-5年,10K-15K,10000,15000,中初级(8K-15K),Spark|R|深度学习|埋点分析|机器学习|A/B测试|回归分析,全职,否,2025-06-12
JOB00403,数据分析专员,拼多多,互联网/IT,10000人,东莞,广东东莞,大专,10年以上,10K-15K,10000,15000,中初级(8K-15K),Python|统计分析|数据仓库|SQL|竞品分析,兼职,否,2025-01-28
JOB00404,产品数据分析师,伊利,消费品,50000人,北京,北京,本科,5-10年,10K-15K,10000,15000,中初级(8K-15K),数据可视化|NLP|深度学习|Hive|数据仓库|R|埋点分析|SPSS,全职,否,2025-04-27
JOB00405,数据分析专员,自如,房产,5000人,合肥,安徽合肥,本科,10年以上,15K-20K,15000,20000,中级(15K-25K),Excel|指标体系|SQL,全职,是,2025-06-14
JOB00406,资深数据分析师,联想,通信/电子,50000人,深圳,广东深圳,本科,5-10年,20K-30K,20000,30000,中高级(25K-40K),用户画像|Hive|NLP|SPSS|Spark|ETL|深度学习|数据仓库,全职,否,2025-01-19
JOB00407,数据分析实习生,豆瓣,互联网/IT,1000人,南京,江苏南京,本科,1-3年,5K-8K,5000,8000,初级(8K以下),Python|回归分析|大数据|竞品分析|统计分析,全职,是,2025-06-17
JOB00408,商业数据分析师,达能,消费品,10000人,厦门,福建厦门,本科,3-5年,12K-18K,12000,18000,中级(15K-25K),指标体系|增长分析|埋点分析|数据挖掘|Excel|BI工具,全职,否,2025-03-20
JOB00409,资深数据分析师,网易,互联网/IT,50000人,长沙,湖南长沙,本科,10年以上,40K-60K,40000,60000,高级(40K以上),回归分析|增长分析|机器学习|Hive|统计分析|A/B测试,全职,是,2025-06-26
JOB00410,策略数据分析师,玛氏,消费品,10000人,上海,上海,本科,3-5年,12K-18K,12000,18000,中级(15K-25K),数据挖掘|增长分析|用户画像|SQL|A/B测试,全职,否,2025-01-28
JOB00411,数据分析师,达能,消费品,10000人,西安,陕西西安,本科,1-3年,18K-25K,18000,25000,中级(15K-25K),Tableau|用户画像|SPSS|回归分析|增长分析|Power BI|埋点分析|Spark,全职,否,2025-07-23
JOB00412,高级数据分析师,宝洁,消费品,50000人,青岛,山东青岛,本科,5-10年,20K-30K,20000,30000,中高级(25K-40K),用户画像|深度学习|Power BI|大数据,全职,否,2025-06-21
JOB00413,用户数据分析师,招商银行,金融,50000人,武汉,湖北武汉,本科,5-10年,5K-8K,5000,8000,初级(8K以下),Python|SPSS|Spark,全职,否,2025-06-25
JOB00414,数据分析专员,同程旅行,旅游,10000人,南京,江苏南京,本科,5-10年,10K-15K,10000,15000,中初级(8K-15K),NLP|Hive|SQL|A/B测试|Spark|数据可视化|埋点分析,全职,否,2025-01-04
JOB00415,数据分析师(偏算法),同程旅行,旅游,10000人,重庆,重庆,博士,3-5年,20K-30K,20000,30000,中高级(25K-40K),机器学习|数据建模|数据挖掘|Tableau|指标体系,全职,否,2025-06-24
JOB00416,数据分析专员,宝洁,消费品,50000人,东莞,广东东莞,硕士,3-5年,15K-20K,15000,20000,中级(15K-25K),数据仓库|SQL|埋点分析|深度学习|Excel,全职,是,2025-01-22
JOB00417,数据分析师,中通快递,物流,10000人,重庆,重庆,本科,1-3年,8K-12K,8000,12000,中初级(8K-15K),Excel|Python|用户画像|埋点分析|R|数据挖掘|指标体系,兼职,是,2025-01-28
JOB00418,数据分析专员,vivo,通信/电子,10000人,郑州,河南郑州,硕士,5-10年,12K-18K,12000,18000,中级(15K-25K),竞品分析|SPSS|数据建模,全职,是,2025-01-21
JOB00419,风控数据分析师,猿辅导,教育,10000人,西安,陕西西安,硕士,3-5年,15K-20K,15000,20000,中级(15K-25K),数据建模|SPSS|BI工具|Excel|Python,全职,否,2025-01-09
JOB00420,数据分析实习生,玛氏,消费品,10000人,成都,四川成都,本科,3-5年,8K-12K,8000,12000,中初级(8K-15K),SPSS|指标体系|大数据|Tableau|Power BI|数据仓库,全职,否,2025-06-09
JOB00421,数据分析经理,华为,通信/电子,50000人,上海,上海,本科,3-5年,30K-40K,30000,40000,中高级(25K-40K),大数据|Power BI|指标体系,兼职,否,2025-06-11
JOB00422,数据分析经理,小鹏汽车,汽车,5000人,东莞,广东东莞,大专,5-10年,35K-50K,35000,50000,高级(40K以上),数据可视化|增长分析|BI工具|Excel|数据仓库|数据清洗,兼职,是,2025-05-18
JOB00423,策略数据分析师,链家,房产,10000人,长沙,湖南长沙,硕士,3-5年,12K-18K,12000,18000,中级(15K-25K),统计分析|数据仓库|NLP,全职,否,2025-04-25
JOB00424,商业数据分析师,蒙牛,消费品,50000人,武汉,湖北武汉,本科,不限,10K-15K,10000,15000,中初级(8K-15K),竞品分析|数据可视化|Tableau|指标体系|统计分析,全职,否,2025-04-24
JOB00425,商业数据分析师,中信证券,金融,10000人,杭州,浙江杭州,大专,不限,40K-60K,40000,60000,高级(40K以上),数据可视化|Excel|数据挖掘|数据仓库|指标体系|A/B测试,兼职,否,2025-07-15
JOB00426,数据分析师(偏BI),腾讯,互联网/IT,50000人,上海,上海,本科,1-3年,15K-20K,15000,20000,中级(15K-25K),R|数据挖掘|指标体系,全职,否,2025-06-28
JOB00427,增长数据分析师,同程旅行,旅游,10000人,杭州,浙江杭州,硕士,1-3年,6K-10K,6000,10000,中初级(8K-15K),大数据|指标体系|SQL|用户画像,全职,是,2025-02-01
JOB00428,数据分析实习生,工商银行,金融,50000人,上海,上海,本科,5-10年,4K-6K,4000,6000,初级(8K以下),深度学习|回归分析|Excel|Tableau,全职,是,2025-02-14
JOB00429,数据分析专员,58同城,本地生活,10000人,郑州,河南郑州,本科,10年以上,12K-18K,12000,18000,中级(15K-25K),深度学习|数据挖掘|R|BI工具|Python,全职,否,2025-01-09
JOB00430,商业数据分析师,大疆,通信/电子,10000人,合肥,安徽合肥,本科,3-5年,6K-10K,6000,10000,中初级(8K-15K),Python|Power BI|Tableau|指标体系|用户画像|数据可视化|SPSS,全职,是,2025-01-01
JOB00431,增长数据分析师,工商银行,金融,50000人,深圳,广东深圳,硕士,3-5年,8K-12K,8000,12000,中初级(8K-15K),竞品分析|Power BI|R|深度学习|指标体系|数据建模,全职,否,2025-02-20
JOB00432,策略数据分析师,京东,互联网/IT,50000人,佛山,广东佛山,本科,3-5年,25K-35K,25000,35000,中高级(25K-40K),统计分析|Hive|SQL|数据仓库|数据清洗,兼职,是,2025-01-20
JOB00433,商业数据分析师,自如,房产,5000人,天津,天津,本科,3-5年,12K-18K,12000,18000,中级(15K-25K),Python|R|Tableau|数据挖掘|Power BI,兼职,否,2025-04-16
JOB00434,用户数据分析师,工商银行,金融,50000人,成都,四川成都,硕士,不限,15K-20K,15000,20000,中级(15K-25K),Hive|数据建模|机器学习|用户画像,全职,否,2025-01-04
JOB00435,高级数据分析师,网易,互联网/IT,50000人,天津,天津,本科,5-10年,20K-30K,20000,30000,中高级(25K-40K),数据清洗|增长分析|Spark,全职,否,2025-03-08
JOB00436,商业数据分析师,小米,通信/电子,10000人,长沙,湖南长沙,本科,1-3年,10K-15K,10000,15000,中初级(8K-15K),数据清洗|Excel|大数据|回归分析|数据挖掘|Python,全职,否,2025-05-15
JOB00437,产品数据分析师,工商银行,金融,50000人,郑州,河南郑州,本科,3-5年,8K-12K,8000,12000,中初级(8K-15K),R|机器学习|Power BI|Python|竞品分析,全职,否,2025-01-28
JOB00438,用户数据分析师,好未来,教育,10000人,厦门,福建厦门,本科,5-10年,8K-12K,8000,12000,中初级(8K-15K),SPSS|数据挖掘|深度学习|指标体系|用户画像|NLP|回归分析,全职,否,2025-01-14
JOB00439,数据分析经理,去哪儿,旅游,10000人,青岛,山东青岛,硕士,10年以上,20K-30K,20000,30000,中高级(25K-40K),SQL|增长分析|Hive|NLP|数据清洗,全职,是,2025-02-19
JOB00440,风控数据分析师,字节跳动,互联网/IT,50000人,合肥,安徽合肥,博士,不限,10K-15K,10000,15000,中初级(8K-15K),Python|Hive|ETL|数据可视化|大数据|竞品分析|Tableau,全职,否,2025-05-25
JOB00441,策略数据分析师,阿里巴巴,互联网/IT,50000人,合肥,安徽合肥,硕士,1-3年,8K-12K,8000,12000,中初级(8K-15K),SQL|大数据|埋点分析,全职,否,2025-07-19
JOB00442,数据分析专员,美团,互联网/IT,50000人,厦门,福建厦门,本科,1-3年,15K-20K,15000,20000,中级(15K-25K),指标体系|Spark|竞品分析|SQL|NLP,全职,否,2025-06-11
JOB00443,数据分析实习生,飞猪,旅游,50000人,上海,上海,本科,5-10年,6K-10K,6000,10000,中初级(8K-15K),回归分析|数据挖掘|R|埋点分析|Excel|用户画像|机器学习,全职,否,2025-01-04
JOB00444,策略数据分析师,蔚来,汽车,10000人,重庆,重庆,本科,不限,10K-15K,10000,15000,中初级(8K-15K),竞品分析|Excel|数据仓库|NLP|R|Power BI|机器学习,全职,是,2025-04-24
JOB00445,数据分析师(偏BI),微众银行,金融,1000人,南京,江苏南京,本科,5-10年,10K-15K,10000,15000,中初级(8K-15K),Python|Excel|统计分析|Spark|大数据,全职,否,2025-04-23
JOB00446,策略数据分析师,同程旅行,旅游,10000人,天津,天津,硕士,3-5年,10K-15K,10000,15000,中初级(8K-15K),数据挖掘|Excel|R|Spark|深度学习|增长分析|数据可视化|SPSS,兼职,是,2025-01-06
JOB00447,数据分析师(偏运营),达能,消费品,10000人,广州,广东广州,硕士,3-5年,18K-25K,18000,25000,中级(15K-25K),SQL|A/B测试|Hive|埋点分析|数据仓库|Power BI|大数据|统计分析,全职,否,2025-01-10
JOB00448,数据分析师(偏运营),中信证券,金融,10000人,深圳,广东深圳,大专,5-10年,18K-25K,18000,25000,中级(15K-25K),机器学习|Hive|回归分析|NLP|指标体系|增长分析|BI工具|大数据,全职,否,2025-07-18
JOB00449,数据分析专员,菜鸟,物流,10000人,厦门,福建厦门,本科,1-3年,15K-25K,15000,25000,中级(15K-25K),数据清洗|大数据|统计分析|A/B测试|BI工具,全职,否,2025-03-15
JOB00450,数据分析专员,招商银行,金融,50000人,佛山,广东佛山,硕士,5-10年,8K-12K,8000,12000,中初级(8K-15K),竞品分析|埋点分析|数据挖掘|Power BI|SPSS|数据清洗|Tableau|Python,全职,否,2025-04-09
JOB00451,产品数据分析师,安居客,房产,5000人,成都,四川成都,本科,5-10年,15K-20K,15000,20000,中级(15K-25K),统计分析|Spark|数据仓库|SPSS,全职,否,2025-01-13
JOB00452,增长数据分析师,豆瓣,互联网/IT,1000人,杭州,浙江杭州,硕士,10年以上,6K-10K,6000,10000,中初级(8K-15K),ETL|机器学习|指标体系|竞品分析|A/B测试|大数据|增长分析,全职,否,2025-05-22
JOB00453,高级数据分析师,大疆,通信/电子,10000人,东莞,广东东莞,硕士,3-5年,20K-30K,20000,30000,中高级(25K-40K),大数据|Python|Power BI|埋点分析|数据仓库|Tableau|A/B测试|SQL,全职,否,2025-01-20
JOB00454,商业数据分析师,中信证券,金融,10000人,东莞,广东东莞,本科,5-10年,15K-25K,15000,25000,中级(15K-25K),Excel|数据仓库|NLP,全职,否,2025-01-17
JOB00455,数据分析师,小鹏汽车,汽车,5000人,武汉,湖北武汉,本科,3-5年,10K-15K,10000,15000,中初级(8K-15K),统计分析|数据可视化|Power BI|竞品分析|Hive|NLP|深度学习|BI工具,全职,是,2025-03-15
JOB00456,风控数据分析师,拼多多,互联网/IT,10000人,武汉,湖北武汉,硕士,3-5年,40K-60K,40000,60000,高级(40K以上),A/B测试|SPSS|数据挖掘|增长分析|Hive|BI工具,全职,是,2025-01-05
JOB00457,高级数据分析师,微众银行,金融,1000人,苏州,江苏苏州,本科,10年以上,30K-40K,30000,40000,中高级(25K-40K),BI工具|数据可视化|Excel|SQL|Hive|指标体系|数据建模,全职,否,2025-02-07
JOB00458,用户数据分析师,建设银行,金融,50000人,郑州,河南郑州,本科,3-5年,18K-25K,18000,25000,中级(15K-25K),A/B测试|大数据|数据仓库|增长分析|Spark|数据清洗|SQL,全职,否,2025-03-21
JOB00459,数据分析经理,作业帮,教育,5000人,广州,广东广州,硕士,10年以上,25K-35K,25000,35000,中高级(25K-40K),指标体系|数据清洗|SQL|Tableau|数据建模|大数据|Excel|用户画像,全职,否,2025-06-22
JOB00460,用户数据分析师,作业帮,教育,5000人,广州,广东广州,本科,5-10年,4K-6K,4000,6000,初级(8K以下),回归分析|Python|Power BI|机器学习,全职,否,2025-03-06
JOB00461,数据分析师,网易,互联网/IT,50000人,西安,陕西西安,本科,3-5年,25K-35K,25000,35000,中高级(25K-40K),A/B测试|ETL|指标体系|Excel|R,全职,否,2025-01-20
JOB00462,风控数据分析师,招商银行,金融,50000人,天津,天津,本科,1-3年,18K-25K,18000,25000,中级(15K-25K),数据建模|埋点分析|竞品分析|统计分析|Tableau,全职,否,2025-02-01
JOB00463,资深数据分析师,联想,通信/电子,50000人,大连,辽宁大连,本科,5-10年,40K-60K,40000,60000,高级(40K以上),Tableau|R|Power BI|ETL,全职,是,2025-07-17
JOB00464,资深数据分析师,同程旅行,旅游,10000人,天津,天津,硕士,5-10年,20K-30K,20000,30000,中高级(25K-40K),Tableau|深度学习|Power BI,全职,否,2025-07-15
JOB00465,高级数据分析师,去哪儿,旅游,10000人,长沙,湖南长沙,本科,5-10年,50K-80K,50000,80000,高级(40K以上),Power BI|NLP|竞品分析|数据清洗,全职,否,2025-07-26
JOB00466,商业数据分析师,小米,通信/电子,10000人,深圳,广东深圳,大专,3-5年,10K-15K,10000,15000,中初级(8K-15K),Python|数据挖掘|埋点分析,全职,否,2025-01-09
JOB00467,高级数据分析师,百度,互联网/IT,50000人,深圳,广东深圳,本科,10年以上,40K-60K,40000,60000,高级(40K以上),R|回归分析|NLP|SPSS|埋点分析|统计分析|SQL,全职,是,2025-03-12
JOB00468,高级数据分析师,中国平安,金融,50000人,大连,辽宁大连,硕士,3-5年,20K-30K,20000,30000,中高级(25K-40K),深度学习|回归分析|BI工具,全职,是,2025-07-18
JOB00469,数据分析经理,字节跳动,互联网/IT,50000人,广州,广东广州,硕士,5-10年,20K-30K,20000,30000,中高级(25K-40K),竞品分析|回归分析|SPSS|Spark|埋点分析,全职,否,2025-02-17
JOB00470,高级数据分析师,360数科,金融,5000人,合肥,安徽合肥,本科,5-10年,25K-35K,25000,35000,中高级(25K-40K),Power BI|大数据|BI工具|统计分析|竞品分析|A/B测试|数据仓库,全职,否,2025-04-20
JOB00471,数据分析师(偏BI),元气森林,消费品,1000人,厦门,福建厦门,本科,3-5年,35K-50K,35000,50000,高级(40K以上),NLP|Excel|深度学习|数据挖掘,全职,否,2025-02-01
JOB00472,高级数据分析师,微博,互联网/IT,5000人,广州,广东广州,本科,5-10年,18K-25K,18000,25000,中级(15K-25K),数据可视化|竞品分析|回归分析|Tableau,全职,否,2025-02-11
JOB00473,数据分析师(偏BI),华泰证券,金融,10000人,佛山,广东佛山,硕士,3-5年,8K-12K,8000,12000,中初级(8K-15K),大数据|数据建模|BI工具|竞品分析|回归分析|增长分析|深度学习|指标体系,全职,否,2025-06-20
JOB00474,高级数据分析师,比亚迪,汽车,50000人,青岛,山东青岛,本科,5-10年,18K-25K,18000,25000,中级(15K-25K),大数据|数据清洗|指标体系|Power BI|SQL,全职,是,2025-02-13
JOB00475,策略数据分析师,饿了么,本地生活,10000人,杭州,浙江杭州,本科,3-5年,15K-25K,15000,25000,中级(15K-25K),BI工具|大数据|数据挖掘|Spark|R|A/B测试|埋点分析,全职,否,2025-05-11
JOB00476,资深数据分析师,途牛,旅游,1000人,天津,天津,大专,3-5年,18K-25K,18000,25000,中级(15K-25K),数据可视化|Spark|机器学习,全职,否,2025-06-28
JOB00477,数据分析经理,农夫山泉,消费品,10000人,成都,四川成都,本科,5-10年,25K-35K,25000,35000,中高级(25K-40K),回归分析|埋点分析|大数据,全职,否,2025-07-06
JOB00478,数据分析实习生,陌陌,互联网/IT,5000人,上海,上海,本科,3-5年,6K-10K,6000,10000,中初级(8K-15K),统计分析|BI工具|A/B测试|机器学习|Python|SQL|回归分析|增长分析,全职,是,2025-07-21
JOB00479,产品数据分析师,58同城,本地生活,10000人,郑州,河南郑州,本科,1-3年,10K-15K,10000,15000,中初级(8K-15K),埋点分析|数据清洗|指标体系,全职,否,2025-06-03
JOB00480,数据分析经理,元气森林,消费品,1000人,广州,广东广州,本科,5-10年,20K-30K,20000,30000,中高级(25K-40K),NLP|Hive|回归分析|ETL|深度学习|数据建模|SQL|大数据,兼职,否,2025-05-04
JOB00481,风控数据分析师,微博,互联网/IT,5000人,广州,广东广州,硕士,1-3年,10K-15K,10000,15000,中初级(8K-15K),机器学习|SPSS|用户画像|A/B测试|统计分析|Hive|R|大数据,兼职,否,2025-01-27
JOB00482,数据分析师(偏BI),同程旅行,旅游,10000人,武汉,湖北武汉,本科,不限,40K-60K,40000,60000,高级(40K以上),用户画像|增长分析|Excel|竞品分析,全职,否,2025-03-09
JOB00483,风控数据分析师,小红书,互联网/IT,5000人,东莞,广东东莞,硕士,3-5年,8K-12K,8000,12000,中初级(8K-15K),指标体系|深度学习|A/B测试,全职,否,2025-06-18
JOB00484,策略数据分析师,美团,本地生活,50000人,武汉,湖北武汉,本科,1-3年,10K-15K,10000,15000,中初级(8K-15K),SPSS|SQL|指标体系|竞品分析|ETL|NLP|回归分析,全职,否,2025-07-24
JOB00485,风控数据分析师,好未来,教育,10000人,西安,陕西西安,硕士,3-5年,12K-18K,12000,18000,中级(15K-25K),回归分析|增长分析|指标体系|Python|ETL|R,全职,否,2025-02-24
JOB00486,策略数据分析师,农夫山泉,消费品,10000人,合肥,安徽合肥,本科,5-10年,20K-30K,20000,30000,中高级(25K-40K),NLP|Hive|数据建模|深度学习,全职,是,2025-06-20
JOB00487,风控数据分析师,宝洁,消费品,50000人,郑州,河南郑州,本科,1-3年,5K-8K,5000,8000,初级(8K以下),Spark|大数据|数据仓库|Hive|指标体系,全职,否,2025-03-05
JOB00488,策略数据分析师,美团,互联网/IT,50000人,西安,陕西西安,硕士,1-3年,12K-18K,12000,18000,中级(15K-25K),增长分析|大数据|数据挖掘,全职,是,2025-01-11
JOB00489,策略数据分析师,农夫山泉,消费品,10000人,深圳,广东深圳,硕士,3-5年,10K-15K,10000,15000,中初级(8K-15K),数据可视化|深度学习|增长分析,全职,否,2025-05-24
JOB00490,资深数据分析师,陌陌,互联网/IT,5000人,广州,广东广州,本科,10年以上,20K-30K,20000,30000,中高级(25K-40K),数据建模|大数据|Excel|数据清洗|用户画像|Tableau|机器学习,全职,否,2025-02-14
JOB00491,数据分析师(偏BI),度小满,金融,5000人,杭州,浙江杭州,本科,1-3年,8K-12K,8000,12000,中初级(8K-15K),NLP|回归分析|Python|大数据|数据仓库,兼职,否,2025-03-18
JOB00492,资深数据分析师,京东物流,物流,50000人,青岛,山东青岛,硕士,3-5年,40K-60K,40000,60000,高级(40K以上),统计分析|大数据|竞品分析|深度学习,全职,否,2025-06-22
JOB00493,增长数据分析师,网易,互联网/IT,50000人,南京,江苏南京,本科,3-5年,12K-18K,12000,18000,中级(15K-25K),数据挖掘|埋点分析|Tableau|数据仓库|NLP,全职,是,2025-01-13
JOB00494,商业数据分析师,欧莱雅,消费品,5000人,苏州,江苏苏州,本科,5-10年,8K-12K,8000,12000,中初级(8K-15K),Spark|指标体系|机器学习|数据挖掘,全职,否,2025-01-09
JOB00495,增长数据分析师,滴滴出行,互联网/IT,10000人,青岛,山东青岛,本科,3-5年,18K-25K,18000,25000,中级(15K-25K),深度学习|Tableau|SPSS|竞品分析|数据建模|ETL,全职,是,2025-06-27
JOB00496,数据分析专员,饿了么,本地生活,10000人,厦门,福建厦门,硕士,5-10年,15K-20K,15000,20000,中级(15K-25K),Spark|数据挖掘|指标体系|Power BI|SQL|数据可视化|R|深度学习,全职,否,2025-01-06
JOB00497,数据分析专员,联合利华,消费品,50000人,大连,辽宁大连,硕士,5-10年,15K-20K,15000,20000,中级(15K-25K),埋点分析|Hive|数据挖掘|机器学习|Spark|大数据|Power BI,全职,是,2025-07-11
JOB00498,数据分析师(偏BI),伊利,消费品,50000人,武汉,湖北武汉,本科,3-5年,10K-15K,10000,15000,中初级(8K-15K),数据清洗|SQL|深度学习|数据仓库|指标体系|用户画像|增长分析,全职,是,2025-04-07
JOB00499,数据分析专员,玛氏,消费品,10000人,成都,四川成都,大专,3-5年,12K-18K,12000,18000,中级(15K-25K),统计分析|SPSS|回归分析,全职,是,2025-04-25
JOB00500,数据分析师(偏算法),猿辅导,教育,10000人,青岛,山东青岛,本科,5-10年,8K-12K,8000,12000,中初级(8K-15K),A/B测试|增长分析|大数据|数据可视化|Power BI,全职,否,2025-02-27
